{
    "BossLocationSpawn": [
        {
            "BossName": "sectantPriest",
            "BossChance": 10,
            "BossZone": "ZoneScavBase",
            "BossPlayer": false,
            "BossDifficult": "normal",
            "BossEscortType": "sectantWarrior",
            "BossEscortDifficult": "normal",
            "BossEscortAmount": "4",
            "Time": -1,
            "Supports": null,
            "TriggerId": "",
            "TriggerName": "",
            "Delay": 0,
            "RandomTimeSpawn": false
        },
        {
            "BossName": "sptBear",
            "BossChance": 80,
            "BossZone": "ZoneBlockPost",
            "BossPlayer": true,
            "BossDifficult": "normal",
            "BossEscortType": "sptBear",
            "BossEscortDifficult": "normal",
            "BossEscortAmount": "0,0,0,0,1",
            "Time": 370,
            "Supports": null,
            "TriggerId": "",
            "TriggerName": "",
            "Delay": 0,
            "RandomTimeSpawn": false
        },
        {
            "BossName": "sptUsec",
            "BossChance": 80,
            "BossZone": "ZoneBlockPost",
            "BossPlayer": true,
            "BossDifficult": "normal",
            "BossEscortType": "sptUsec",
            "BossEscortDifficult": "normal",
            "BossEscortAmount": "0,0,0,0,1",
            "Time": 810,
            "Supports": null,
            "TriggerId": "",
            "TriggerName": "",
            "Delay": 0,
            "RandomTimeSpawn": false
        },
        {
            "BossName": "sptBear",
            "BossChance": 80,
            "BossZone": "ZoneBlockPost",
            "BossPlayer": true,
            "BossDifficult": "normal",
            "BossEscortType": "assault",
            "BossEscortDifficult": "normal",
            "BossEscortAmount": "1,1,1,1,2",
            "Time": 2210,
            "Supports": null,
            "TriggerId": "",
            "TriggerName": "",
            "Delay": 0,
            "RandomTimeSpawn": false
        },
        {
            "BossName": "sptUsec",
            "BossChance": 80,
            "BossZone": "ZoneBrige",
            "BossPlayer": true,
            "BossDifficult": "normal",
            "BossEscortType": "sptUsec",
            "BossEscortDifficult": "normal",
            "BossEscortAmount": "0,0,0,0,1",
            "Time": 410,
            "Supports": null,
            "TriggerId": "",
            "TriggerName": "",
            "Delay": 0,
            "RandomTimeSpawn": false
        },
        {
            "BossName": "sptBear",
            "BossChance": 80,
            "BossZone": "ZoneBrige",
            "BossPlayer": true,
            "BossDifficult": "normal",
            "BossEscortType": "sptBear",
            "BossEscortDifficult": "normal",
            "BossEscortAmount": "0,0,0,0,1",
            "Time": 950,
            "Supports": null,
            "TriggerId": "",
            "TriggerName": "",
            "Delay": 0,
            "RandomTimeSpawn": false
        },
        {
            "BossName": "sptUsec",
            "BossChance": 80,
            "BossZone": "ZoneBrige",
            "BossPlayer": true,
            "BossDifficult": "normal",
            "BossEscortType": "assault",
            "BossEscortDifficult": "normal",
            "BossEscortAmount": "1,1,1,1,2",
            "Time": 2140,
            "Supports": null,
            "TriggerId": "",
            "TriggerName": "",
            "Delay": 0,
            "RandomTimeSpawn": false
        },
        {
            "BossName": "sptBear",
            "BossChance": 80,
            "BossZone": "ZoneCrossRoad",
            "BossPlayer": true,
            "BossDifficult": "normal",
            "BossEscortType": "sptBear",
            "BossEscortDifficult": "normal",
            "BossEscortAmount": "0,0,0,1",
            "Time": 260,
            "Supports": null,
            "TriggerId": "",
            "TriggerName": "",
            "Delay": 0,
            "RandomTimeSpawn": false
        },
        {
            "BossName": "sptUsec",
            "BossChance": 80,
            "BossZone": "ZoneCrossRoad",
            "BossPlayer": true,
            "BossDifficult": "normal",
            "BossEscortType": "sptUsec",
            "BossEscortDifficult": "normal",
            "BossEscortAmount": "0,0,0,1",
            "Time": 1260,
            "Supports": null,
            "TriggerId": "",
            "TriggerName": "",
            "Delay": 0,
            "RandomTimeSpawn": false
        },
        {
            "BossName": "sptBear",
            "BossChance": 80,
            "BossZone": "ZoneCrossRoad",
            "BossPlayer": true,
            "BossDifficult": "normal",
            "BossEscortType": "assault",
            "BossEscortDifficult": "normal",
            "BossEscortAmount": "1,1,1,1,2",
            "Time": 2160,
            "Supports": null,
            "TriggerId": "",
            "TriggerName": "",
            "Delay": 0,
            "RandomTimeSpawn": false
        },
        {
            "BossName": "sptUsec",
            "BossChance": 80,
            "BossZone": "ZoneCustoms",
            "BossPlayer": true,
            "BossDifficult": "normal",
            "BossEscortType": "sptUsec",
            "BossEscortDifficult": "normal",
            "BossEscortAmount": "0,0,0,0,1",
            "Time": 480,
            "Supports": null,
            "TriggerId": "",
            "TriggerName": "",
            "Delay": 0,
            "RandomTimeSpawn": false
        },
        {
            "BossName": "sptBear",
            "BossChance": 80,
            "BossZone": "ZoneCustoms",
            "BossPlayer": true,
            "BossDifficult": "normal",
            "BossEscortType": "sptBear",
            "BossEscortDifficult": "normal",
            "BossEscortAmount": "0,0,0,1",
            "Time": 1070,
            "Supports": null,
            "TriggerId": "",
            "TriggerName": "",
            "Delay": 0,
            "RandomTimeSpawn": false
        },
        {
            "BossName": "sptUsec",
            "BossChance": 80,
            "BossZone": "ZoneCustoms",
            "BossPlayer": true,
            "BossDifficult": "normal",
            "BossEscortType": "assault",
            "BossEscortDifficult": "normal",
            "BossEscortAmount": "1,1,1,1,2",
            "Time": 2270,
            "Supports": null,
            "TriggerId": "",
            "TriggerName": "",
            "Delay": 0,
            "RandomTimeSpawn": false
        },
        {
            "BossName": "sptBear",
            "BossChance": 80,
            "BossZone": "ZoneDormitory",
            "BossPlayer": true,
            "BossDifficult": "normal",
            "BossEscortType": "sptBear",
            "BossEscortDifficult": "normal",
            "BossEscortAmount": "0,0,0,1",
            "Time": 400,
            "Supports": null,
            "TriggerId": "",
            "TriggerName": "",
            "Delay": 0,
            "RandomTimeSpawn": false
        },
        {
            "BossName": "sptUsec",
            "BossChance": 80,
            "BossZone": "ZoneDormitory",
            "BossPlayer": true,
            "BossDifficult": "normal",
            "BossEscortType": "sptUsec",
            "BossEscortDifficult": "normal",
            "BossEscortAmount": "0,0,1",
            "Time": 970,
            "Supports": null,
            "TriggerId": "",
            "TriggerName": "",
            "Delay": 0,
            "RandomTimeSpawn": false
        },
        {
            "BossName": "sptUsec",
            "BossChance": 80,
            "BossZone": "ZoneDormitory",
            "BossPlayer": true,
            "BossDifficult": "normal",
            "BossEscortType": "sptBear",
            "BossEscortDifficult": "normal",
            "BossEscortAmount": "1,1,1,2",
            "Time": 1570,
            "Supports": null,
            "TriggerId": "",
            "TriggerName": "",
            "Delay": 0,
            "RandomTimeSpawn": false
        },
        {
            "BossName": "sptBear",
            "BossChance": 80,
            "BossZone": "ZoneDormitory",
            "BossPlayer": true,
            "BossDifficult": "normal",
            "BossEscortType": "assault",
            "BossEscortDifficult": "normal",
            "BossEscortAmount": "1,1,1,1,2",
            "Time": 2120,
            "Supports": null,
            "TriggerId": "",
            "TriggerName": "",
            "Delay": 0,
            "RandomTimeSpawn": false
        },
        {
            "BossName": "sptUsec",
            "BossChance": 80,
            "BossZone": "ZoneFactoryCenter",
            "BossPlayer": true,
            "BossDifficult": "normal",
            "BossEscortType": "sptUsec",
            "BossEscortDifficult": "normal",
            "BossEscortAmount": "0,0,0,0,1",
            "Time": 320,
            "Supports": null,
            "TriggerId": "",
            "TriggerName": "",
            "Delay": 0,
            "RandomTimeSpawn": false
        },
        {
            "BossName": "sptBear",
            "BossChance": 80,
            "BossZone": "ZoneFactoryCenter",
            "BossPlayer": true,
            "BossDifficult": "normal",
            "BossEscortType": "sptBear",
            "BossEscortDifficult": "normal",
            "BossEscortAmount": "0,0,0,0,1",
            "Time": 1240,
            "Supports": null,
            "TriggerId": "",
            "TriggerName": "",
            "Delay": 0,
            "RandomTimeSpawn": false
        },
        {
            "BossName": "sptUsec",
            "BossChance": 80,
            "BossZone": "ZoneFactoryCenter",
            "BossPlayer": true,
            "BossDifficult": "normal",
            "BossEscortType": "assault",
            "BossEscortDifficult": "normal",
            "BossEscortAmount": "1,1,1,1,2",
            "Time": 2130,
            "Supports": null,
            "TriggerId": "",
            "TriggerName": "",
            "Delay": 0,
            "RandomTimeSpawn": false
        },
        {
            "BossName": "sptBear",
            "BossChance": 80,
            "BossZone": "ZoneFactorySide",
            "BossPlayer": true,
            "BossDifficult": "normal",
            "BossEscortType": "sptBear",
            "BossEscortDifficult": "normal",
            "BossEscortAmount": "0,0,0,1",
            "Time": 410,
            "Supports": null,
            "TriggerId": "",
            "TriggerName": "",
            "Delay": 0,
            "RandomTimeSpawn": false
        },
        {
            "BossName": "sptUsec",
            "BossChance": 80,
            "BossZone": "ZoneFactorySide",
            "BossPlayer": true,
            "BossDifficult": "normal",
            "BossEscortType": "sptUsec",
            "BossEscortDifficult": "normal",
            "BossEscortAmount": "0,0,0,1",
            "Time": 1110,
            "Supports": null,
            "TriggerId": "",
            "TriggerName": "",
            "Delay": 0,
            "RandomTimeSpawn": false
        },
        {
            "BossName": "sptBear",
            "BossChance": 80,
            "BossZone": "ZoneFactorySide",
            "BossPlayer": true,
            "BossDifficult": "normal",
            "BossEscortType": "assault",
            "BossEscortDifficult": "normal",
            "BossEscortAmount": "1,1,1,1,2",
            "Time": 2290,
            "Supports": null,
            "TriggerId": "",
            "TriggerName": "",
            "Delay": 0,
            "RandomTimeSpawn": false
        },
        {
            "BossName": "sptUsec",
            "BossChance": 80,
            "BossZone": "ZoneGasStation",
            "BossPlayer": true,
            "BossDifficult": "normal",
            "BossEscortType": "sptUsec",
            "BossEscortDifficult": "normal",
            "BossEscortAmount": "0,0,0,1",
            "Time": 150,
            "Supports": null,
            "TriggerId": "",
            "TriggerName": "",
            "Delay": 0,
            "RandomTimeSpawn": false
        },
        {
            "BossName": "sptBear",
            "BossChance": 80,
            "BossZone": "ZoneGasStation",
            "BossPlayer": true,
            "BossDifficult": "normal",
            "BossEscortType": "sptBear",
            "BossEscortDifficult": "normal",
            "BossEscortAmount": "0,0,0,1",
            "Time": 1430,
            "Supports": null,
            "TriggerId": "",
            "TriggerName": "",
            "Delay": 0,
            "RandomTimeSpawn": false
        },
        {
            "BossName": "sptUsec",
            "BossChance": 80,
            "BossZone": "ZoneGasStation",
            "BossPlayer": true,
            "BossDifficult": "normal",
            "BossEscortType": "assault",
            "BossEscortDifficult": "normal",
            "BossEscortAmount": "1,1,1,1,2",
            "Time": 2310,
            "Supports": null,
            "TriggerId": "",
            "TriggerName": "",
            "Delay": 0,
            "RandomTimeSpawn": false
        },
        {
            "BossName": "sptBear",
            "BossChance": 80,
            "BossZone": "ZoneOldAZS",
            "BossPlayer": true,
            "BossDifficult": "normal",
            "BossEscortType": "sptBear",
            "BossEscortDifficult": "normal",
            "BossEscortAmount": "0,0,0,1",
            "Time": 610,
            "Supports": null,
            "TriggerId": "",
            "TriggerName": "",
            "Delay": 0,
            "RandomTimeSpawn": false
        },
        {
            "BossName": "sptUsec",
            "BossChance": 80,
            "BossZone": "ZoneOldAZS",
            "BossPlayer": true,
            "BossDifficult": "normal",
            "BossEscortType": "sptUsec",
            "BossEscortDifficult": "normal",
            "BossEscortAmount": "0,0,0,1",
            "Time": 1510,
            "Supports": null,
            "TriggerId": "",
            "TriggerName": "",
            "Delay": 0,
            "RandomTimeSpawn": false
        },
        {
            "BossName": "sptBear",
            "BossChance": 80,
            "BossZone": "ZoneOldAZS",
            "BossPlayer": true,
            "BossDifficult": "normal",
            "BossEscortType": "assault",
            "BossEscortDifficult": "normal",
            "BossEscortAmount": "1,1,1,1,2",
            "Time": 2340,
            "Supports": null,
            "TriggerId": "",
            "TriggerName": "",
            "Delay": 0,
            "RandomTimeSpawn": false
        },
        {
            "BossName": "sptUsec",
            "BossChance": 80,
            "BossZone": "ZoneScavBase",
            "BossPlayer": true,
            "BossDifficult": "normal",
            "BossEscortType": "sptBear",
            "BossEscortDifficult": "normal",
            "BossEscortAmount": "0,0,1",
            "Time": 360,
            "Supports": null,
            "TriggerId": "",
            "TriggerName": "",
            "Delay": 0,
            "RandomTimeSpawn": false
        },
        {
            "BossName": "sptUsec",
            "BossChance": 80,
            "BossZone": "ZoneScavBase",
            "BossPlayer": true,
            "BossDifficult": "normal",
            "BossEscortType": "sptUsec",
            "BossEscortDifficult": "normal",
            "BossEscortAmount": "0,0,0,1",
            "Time": 890,
            "Supports": null,
            "TriggerId": "",
            "TriggerName": "",
            "Delay": 0,
            "RandomTimeSpawn": false
        },
        {
            "BossName": "sptBear",
            "BossChance": 80,
            "BossZone": "ZoneScavBase",
            "BossPlayer": true,
            "BossDifficult": "normal",
            "BossEscortType": "sptBear",
            "BossEscortDifficult": "normal",
            "BossEscortAmount": "0,0,0,1",
            "Time": 1360,
            "Supports": null,
            "TriggerId": "",
            "TriggerName": "",
            "Delay": 0,
            "RandomTimeSpawn": false
        },
        {
            "BossName": "sptUsec",
            "BossChance": 80,
            "BossZone": "ZoneScavBase",
            "BossPlayer": true,
            "BossDifficult": "normal",
            "BossEscortType": "sptBear",
            "BossEscortDifficult": "normal",
            "BossEscortAmount": "0,0,1",
            "Time": 2060,
            "Supports": null,
            "TriggerId": "",
            "TriggerName": "",
            "Delay": 0,
            "RandomTimeSpawn": false
        },
        {
            "BossName": "sptBear",
            "BossChance": 80,
            "BossZone": "ZoneTankSquare",
            "BossPlayer": true,
            "BossDifficult": "normal",
            "BossEscortType": "sptBear",
            "BossEscortDifficult": "normal",
            "BossEscortAmount": "0,0,0,0,1",
            "Time": 630,
            "Supports": null,
            "TriggerId": "",
            "TriggerName": "",
            "Delay": 0,
            "RandomTimeSpawn": false
        },
        {
            "BossName": "sptUsec",
            "BossChance": 80,
            "BossZone": "ZoneTankSquare",
            "BossPlayer": true,
            "BossDifficult": "normal",
            "BossEscortType": "sptUsec",
            "BossEscortDifficult": "normal",
            "BossEscortAmount": "0,0,0,0,1",
            "Time": 1330,
            "Supports": null,
            "TriggerId": "",
            "TriggerName": "",
            "Delay": 0,
            "RandomTimeSpawn": false
        },
        {
            "BossName": "sptBear",
            "BossChance": 80,
            "BossZone": "ZoneTankSquare",
            "BossPlayer": true,
            "BossDifficult": "normal",
            "BossEscortType": "assault",
            "BossEscortDifficult": "normal",
            "BossEscortAmount": "1,1,1,1,2",
            "Time": 2330,
            "Supports": null,
            "TriggerId": "",
            "TriggerName": "",
            "Delay": 0,
            "RandomTimeSpawn": false
        },
        {
            "BossName": "sptUsec",
            "BossChance": 80,
            "BossZone": "ZoneWade",
            "BossPlayer": true,
            "BossDifficult": "normal",
            "BossEscortType": "sptUsec",
            "BossEscortDifficult": "normal",
            "BossEscortAmount": "0,0,0,0,1",
            "Time": 440,
            "Supports": null,
            "TriggerId": "",
            "TriggerName": "",
            "Delay": 0,
            "RandomTimeSpawn": false
        },
        {
            "BossName": "sptBear",
            "BossChance": 80,
            "BossZone": "ZoneWade",
            "BossPlayer": true,
            "BossDifficult": "normal",
            "BossEscortType": "sptBear",
            "BossEscortDifficult": "normal",
            "BossEscortAmount": "0,0,0,0,1",
            "Time": 1140,
            "Supports": null,
            "TriggerId": "",
            "TriggerName": "",
            "Delay": 0,
            "RandomTimeSpawn": false
        },
        {
            "BossName": "sptUsec",
            "BossChance": 80,
            "BossZone": "ZoneWade",
            "BossPlayer": true,
            "BossDifficult": "normal",
            "BossEscortType": "assault",
            "BossEscortDifficult": "normal",
            "BossEscortAmount": "1,1,1,1,2",
            "Time": 1940,
            "Supports": null,
            "TriggerId": "",
            "TriggerName": "",
            "Delay": 0,
            "RandomTimeSpawn": false
        },
        {
            "BossName": "assault",
            "BossChance": 80,
            "BossZone": "ZoneBlockPost",
            "BossPlayer": false,
            "BossDifficult": "normal",
            "BossEscortType": "assault",
            "BossEscortDifficult": "normal",
            "BossEscortAmount": "0,0,0,0,1",
            "Time": 110,
            "Supports": null,
            "TriggerId": "",
            "TriggerName": "",
            "Delay": 0,
            "RandomTimeSpawn": false
        },
        {
            "BossName": "assault",
            "BossChance": 75,
            "BossZone": "ZoneBlockPost",
            "BossPlayer": false,
            "BossDifficult": "normal",
            "BossEscortType": "assault",
            "BossEscortDifficult": "normal",
            "BossEscortAmount": "0,0,0,1,1",
            "Time": 780,
            "Supports": null,
            "TriggerId": "",
            "TriggerName": "",
            "Delay": 0,
            "RandomTimeSpawn": false
        },
        {
            "BossName": "assault",
            "BossChance": 75,
            "BossZone": "ZoneBlockPost",
            "BossPlayer": false,
            "BossDifficult": "normal",
            "BossEscortType": "assault",
            "BossEscortDifficult": "normal",
            "BossEscortAmount": "0,0,0,0,1",
            "Time": 1680,
            "Supports": null,
            "TriggerId": "",
            "TriggerName": "",
            "Delay": 0,
            "RandomTimeSpawn": false
        },
        {
            "BossName": "assault",
            "BossChance": 80,
            "BossZone": "ZoneBrige",
            "BossPlayer": false,
            "BossDifficult": "normal",
            "BossEscortType": "assault",
            "BossEscortDifficult": "normal",
            "BossEscortAmount": "0,0,0,1,1",
            "Time": 140,
            "Supports": null,
            "TriggerId": "",
            "TriggerName": "",
            "Delay": 0,
            "RandomTimeSpawn": false
        },
        {
            "BossName": "assault",
            "BossChance": 75,
            "BossZone": "ZoneBrige",
            "BossPlayer": false,
            "BossDifficult": "normal",
            "BossEscortType": "assault",
            "BossEscortDifficult": "normal",
            "BossEscortAmount": "0,0,0,0,1",
            "Time": 640,
            "Supports": null,
            "TriggerId": "",
            "TriggerName": "",
            "Delay": 0,
            "RandomTimeSpawn": false
        },
        {
            "BossName": "assault",
            "BossChance": 75,
            "BossZone": "ZoneBrige",
            "BossPlayer": false,
            "BossDifficult": "normal",
            "BossEscortType": "assault",
            "BossEscortDifficult": "normal",
            "BossEscortAmount": "0,0,0,0,1",
            "Time": 1840,
            "Supports": null,
            "TriggerId": "",
            "TriggerName": "",
            "Delay": 0,
            "RandomTimeSpawn": false
        },
        {
            "BossName": "assault",
            "BossChance": 80,
            "BossZone": "ZoneCrossRoad",
            "BossPlayer": false,
            "BossDifficult": "normal",
            "BossEscortType": "assault",
            "BossEscortDifficult": "normal",
            "BossEscortAmount": "0,0,0,0,1",
            "Time": 70,
            "Supports": null,
            "TriggerId": "",
            "TriggerName": "",
            "Delay": 0,
            "RandomTimeSpawn": false
        },
        {
            "BossName": "assault",
            "BossChance": 75,
            "BossZone": "ZoneCrossRoad",
            "BossPlayer": false,
            "BossDifficult": "normal",
            "BossEscortType": "assault",
            "BossEscortDifficult": "normal",
            "BossEscortAmount": "0,0,0,1,1",
            "Time": 770,
            "Supports": null,
            "TriggerId": "",
            "TriggerName": "",
            "Delay": 0,
            "RandomTimeSpawn": false
        },
        {
            "BossName": "assault",
            "BossChance": 75,
            "BossZone": "ZoneCrossRoad",
            "BossPlayer": false,
            "BossDifficult": "normal",
            "BossEscortType": "assault",
            "BossEscortDifficult": "normal",
            "BossEscortAmount": "0,0,0,0,1",
            "Time": 1810,
            "Supports": null,
            "TriggerId": "",
            "TriggerName": "",
            "Delay": 0,
            "RandomTimeSpawn": false
        },
        {
            "BossName": "assault",
            "BossChance": 80,
            "BossZone": "ZoneCustoms",
            "BossPlayer": false,
            "BossDifficult": "normal",
            "BossEscortType": "assault",
            "BossEscortDifficult": "normal",
            "BossEscortAmount": "0,0,0,1,1",
            "Time": 100,
            "Supports": null,
            "TriggerId": "",
            "TriggerName": "",
            "Delay": 0,
            "RandomTimeSpawn": false
        },
        {
            "BossName": "assault",
            "BossChance": 75,
            "BossZone": "ZoneCustoms",
            "BossPlayer": false,
            "BossDifficult": "normal",
            "BossEscortType": "assault",
            "BossEscortDifficult": "normal",
            "BossEscortAmount": "0,0,0,1,1",
            "Time": 790,
            "Supports": null,
            "TriggerId": "",
            "TriggerName": "",
            "Delay": 0,
            "RandomTimeSpawn": false
        },
        {
            "BossName": "assault",
            "BossChance": 75,
            "BossZone": "ZoneCustoms",
            "BossPlayer": false,
            "BossDifficult": "normal",
            "BossEscortType": "assault",
            "BossEscortDifficult": "normal",
            "BossEscortAmount": "0,0,0,0,1",
            "Time": 1890,
            "Supports": null,
            "TriggerId": "",
            "TriggerName": "",
            "Delay": 0,
            "RandomTimeSpawn": false
        },
        {
            "BossName": "assault",
            "BossChance": 75,
            "BossZone": "ZoneCustoms",
            "BossPlayer": false,
            "BossDifficult": "normal",
            "BossEscortType": "assault",
            "BossEscortDifficult": "normal",
            "BossEscortAmount": "0,0,1,1,1",
            "Time": 2670,
            "Supports": null,
            "TriggerId": "",
            "TriggerName": "",
            "Delay": 0,
            "RandomTimeSpawn": false
        },
        {
            "BossName": "assault",
            "BossChance": 85,
            "BossZone": "ZoneDormitory",
            "BossPlayer": false,
            "BossDifficult": "normal",
            "BossEscortType": "assault",
            "BossEscortDifficult": "normal",
            "BossEscortAmount": "1,1,2,2,3",
            "Time": 50,
            "Supports": null,
            "TriggerId": "",
            "TriggerName": "",
            "Delay": 0,
            "RandomTimeSpawn": false
        },
        {
            "BossName": "assault",
            "BossChance": 80,
            "BossZone": "ZoneDormitory",
            "BossPlayer": false,
            "BossDifficult": "normal",
            "BossEscortType": "assault",
            "BossEscortDifficult": "normal",
            "BossEscortAmount": "0,1,1,1,2",
            "Time": 760,
            "Supports": null,
            "TriggerId": "",
            "TriggerName": "",
            "Delay": 0,
            "RandomTimeSpawn": false
        },
        {
            "BossName": "assault",
            "BossChance": 85,
            "BossZone": "ZoneDormitory",
            "BossPlayer": false,
            "BossDifficult": "normal",
            "BossEscortType": "assault",
            "BossEscortDifficult": "normal",
            "BossEscortAmount": "0,1,1,1,2",
            "Time": 1850,
            "Supports": null,
            "TriggerId": "",
            "TriggerName": "",
            "Delay": 0,
            "RandomTimeSpawn": false
        },
        {
            "BossName": "assault",
            "BossChance": 85,
            "BossZone": "ZoneDormitory",
            "BossPlayer": false,
            "BossDifficult": "normal",
            "BossEscortType": "assault",
            "BossEscortDifficult": "normal",
            "BossEscortAmount": "0,0,1,1",
            "Time": 2610,
            "Supports": null,
            "TriggerId": "",
            "TriggerName": "",
            "Delay": 0,
            "RandomTimeSpawn": false
        },
        {
            "BossName": "assault",
            "BossChance": 85,
            "BossZone": "ZoneFactoryCenter",
            "BossPlayer": false,
            "BossDifficult": "normal",
            "BossEscortType": "assault",
            "BossEscortDifficult": "normal",
            "BossEscortAmount": "0,0,0,1,1",
            "Time": 60,
            "Supports": null,
            "TriggerId": "",
            "TriggerName": "",
            "Delay": 0,
            "RandomTimeSpawn": false
        },
        {
            "BossName": "assault",
            "BossChance": 85,
            "BossZone": "ZoneFactoryCenter",
            "BossPlayer": false,
            "BossDifficult": "normal",
            "BossEscortType": "assault",
            "BossEscortDifficult": "normal",
            "BossEscortAmount": "0,0,0,1,1",
            "Time": 750,
            "Supports": null,
            "TriggerId": "",
            "TriggerName": "",
            "Delay": 0,
            "RandomTimeSpawn": false
        },
        {
            "BossName": "assault",
            "BossChance": 75,
            "BossZone": "ZoneFactoryCenter",
            "BossPlayer": false,
            "BossDifficult": "normal",
            "BossEscortType": "assault",
            "BossEscortDifficult": "normal",
            "BossEscortAmount": "0,0,0,0,1",
            "Time": 1760,
            "Supports": null,
            "TriggerId": "",
            "TriggerName": "",
            "Delay": 0,
            "RandomTimeSpawn": false
        },
        {
            "BossName": "assault",
            "BossChance": 75,
            "BossZone": "ZoneFactoryCenter",
            "BossPlayer": false,
            "BossDifficult": "normal",
            "BossEscortType": "assault",
            "BossEscortDifficult": "normal",
            "BossEscortAmount": "0,0,0,0,1",
            "Time": 2710,
            "Supports": null,
            "TriggerId": "",
            "TriggerName": "",
            "Delay": 0,
            "RandomTimeSpawn": false
        },
        {
            "BossName": "assault",
            "BossChance": 80,
            "BossZone": "ZoneFactorySide",
            "BossPlayer": false,
            "BossDifficult": "normal",
            "BossEscortType": "assault",
            "BossEscortDifficult": "normal",
            "BossEscortAmount": "0,0,0,1,1",
            "Time": 130,
            "Supports": null,
            "TriggerId": "",
            "TriggerName": "",
            "Delay": 0,
            "RandomTimeSpawn": false
        },
        {
            "BossName": "assault",
            "BossChance": 75,
            "BossZone": "ZoneFactorySide",
            "BossPlayer": false,
            "BossDifficult": "normal",
            "BossEscortType": "assault",
            "BossEscortDifficult": "normal",
            "BossEscortAmount": "0,0,0,1,1",
            "Time": 730,
            "Supports": null,
            "TriggerId": "",
            "TriggerName": "",
            "Delay": 0,
            "RandomTimeSpawn": false
        },
        {
            "BossName": "assault",
            "BossChance": 75,
            "BossZone": "ZoneFactorySide",
            "BossPlayer": false,
            "BossDifficult": "normal",
            "BossEscortType": "assault",
            "BossEscortDifficult": "normal",
            "BossEscortAmount": "0,0,0,0,1",
            "Time": 1930,
            "Supports": null,
            "TriggerId": "",
            "TriggerName": "",
            "Delay": 0,
            "RandomTimeSpawn": false
        },
        {
            "BossName": "assault",
            "BossChance": 75,
            "BossZone": "ZoneFactorySide",
            "BossPlayer": false,
            "BossDifficult": "normal",
            "BossEscortType": "assault",
            "BossEscortDifficult": "normal",
            "BossEscortAmount": "0,0,0,1",
            "Time": 2730,
            "Supports": null,
            "TriggerId": "",
            "TriggerName": "",
            "Delay": 0,
            "RandomTimeSpawn": false
        },
        {
            "BossName": "assault",
            "BossChance": 75,
            "BossZone": "ZoneGasStation",
            "BossPlayer": false,
            "BossDifficult": "normal",
            "BossEscortType": "assault",
            "BossEscortDifficult": "normal",
            "BossEscortAmount": "0,0,1,1,1",
            "Time": 100,
            "Supports": null,
            "TriggerId": "",
            "TriggerName": "",
            "Delay": 0,
            "RandomTimeSpawn": false
        },
        {
            "BossName": "assault",
            "BossChance": 80,
            "BossZone": "ZoneGasStation",
            "BossPlayer": false,
            "BossDifficult": "normal",
            "BossEscortType": "assault",
            "BossEscortDifficult": "normal",
            "BossEscortAmount": "0,0,0,1,1",
            "Time": 580,
            "Supports": null,
            "TriggerId": "",
            "TriggerName": "",
            "Delay": 0,
            "RandomTimeSpawn": false
        },
        {
            "BossName": "assault",
            "BossChance": 75,
            "BossZone": "ZoneGasStation",
            "BossPlayer": false,
            "BossDifficult": "normal",
            "BossEscortType": "assault",
            "BossEscortDifficult": "normal",
            "BossEscortAmount": "0,0,0,1,1",
            "Time": 1870,
            "Supports": null,
            "TriggerId": "",
            "TriggerName": "",
            "Delay": 0,
            "RandomTimeSpawn": false
        },
        {
            "BossName": "assault",
            "BossChance": 70,
            "BossZone": "ZoneOldAZS",
            "BossPlayer": false,
            "BossDifficult": "normal",
            "BossEscortType": "assault",
            "BossEscortDifficult": "normal",
            "BossEscortAmount": "0,0,0,1,1",
            "Time": 170,
            "Supports": null,
            "TriggerId": "",
            "TriggerName": "",
            "Delay": 0,
            "RandomTimeSpawn": false
        },
        {
            "BossName": "assault",
            "BossChance": 80,
            "BossZone": "ZoneOldAZS",
            "BossPlayer": false,
            "BossDifficult": "normal",
            "BossEscortType": "assault",
            "BossEscortDifficult": "normal",
            "BossEscortAmount": "0,0,0,0,1",
            "Time": 850,
            "Supports": null,
            "TriggerId": "",
            "TriggerName": "",
            "Delay": 0,
            "RandomTimeSpawn": false
        },
        {
            "BossName": "assault",
            "BossChance": 70,
            "BossZone": "ZoneOldAZS",
            "BossPlayer": false,
            "BossDifficult": "normal",
            "BossEscortType": "assault",
            "BossEscortDifficult": "normal",
            "BossEscortAmount": "0,0,0,1,1",
            "Time": 1840,
            "Supports": null,
            "TriggerId": "",
            "TriggerName": "",
            "Delay": 0,
            "RandomTimeSpawn": false
        },
        {
            "BossName": "assault",
            "BossChance": 85,
            "BossZone": "ZoneScavBase",
            "BossPlayer": false,
            "BossDifficult": "normal",
            "BossEscortType": "assault",
            "BossEscortDifficult": "normal",
            "BossEscortAmount": "0,0,0,1,1",
            "Time": 130,
            "Supports": null,
            "TriggerId": "",
            "TriggerName": "",
            "Delay": 0,
            "RandomTimeSpawn": false
        },
        {
            "BossName": "assault",
            "BossChance": 75,
            "BossZone": "ZoneScavBase",
            "BossPlayer": false,
            "BossDifficult": "normal",
            "BossEscortType": "assault",
            "BossEscortDifficult": "normal",
            "BossEscortAmount": "0,0,0,1,2",
            "Time": 870,
            "Supports": null,
            "TriggerId": "",
            "TriggerName": "",
            "Delay": 0,
            "RandomTimeSpawn": false
        },
        {
            "BossName": "assault",
            "BossChance": 75,
            "BossZone": "ZoneScavBase",
            "BossPlayer": false,
            "BossDifficult": "normal",
            "BossEscortType": "assault",
            "BossEscortDifficult": "normal",
            "BossEscortAmount": "0,0,0,1,1",
            "Time": 1340,
            "Supports": null,
            "TriggerId": "",
            "TriggerName": "",
            "Delay": 0,
            "RandomTimeSpawn": false
        },
        {
            "BossName": "assault",
            "BossChance": 75,
            "BossZone": "ZoneScavBase",
            "BossPlayer": false,
            "BossDifficult": "normal",
            "BossEscortType": "assault",
            "BossEscortDifficult": "normal",
            "BossEscortAmount": "0,0,0,1,1",
            "Time": 2540,
            "Supports": null,
            "TriggerId": "",
            "TriggerName": "",
            "Delay": 0,
            "RandomTimeSpawn": false
        },
        {
            "BossName": "assault",
            "BossChance": 80,
            "BossZone": "ZoneTankSquare",
            "BossPlayer": false,
            "BossDifficult": "normal",
            "BossEscortType": "assault",
            "BossEscortDifficult": "normal",
            "BossEscortAmount": "0,0,0,1,1",
            "Time": 50,
            "Supports": null,
            "TriggerId": "",
            "TriggerName": "",
            "Delay": 0,
            "RandomTimeSpawn": false
        },
        {
            "BossName": "assault",
            "BossChance": 75,
            "BossZone": "ZoneTankSquare",
            "BossPlayer": false,
            "BossDifficult": "normal",
            "BossEscortType": "assault",
            "BossEscortDifficult": "normal",
            "BossEscortAmount": "0,0,0,0,1",
            "Time": 730,
            "Supports": null,
            "TriggerId": "",
            "TriggerName": "",
            "Delay": 0,
            "RandomTimeSpawn": false
        },
        {
            "BossName": "assault",
            "BossChance": 75,
            "BossZone": "ZoneTankSquare",
            "BossPlayer": false,
            "BossDifficult": "normal",
            "BossEscortType": "assault",
            "BossEscortDifficult": "normal",
            "BossEscortAmount": "0,0,0,1,1",
            "Time": 1880,
            "Supports": null,
            "TriggerId": "",
            "TriggerName": "",
            "Delay": 0,
            "RandomTimeSpawn": false
        },
        {
            "BossName": "assault",
            "BossChance": 75,
            "BossZone": "ZoneTankSquare",
            "BossPlayer": false,
            "BossDifficult": "normal",
            "BossEscortType": "assault",
            "BossEscortDifficult": "normal",
            "BossEscortAmount": "0,0,0,1,1",
            "Time": 2890,
            "Supports": null,
            "TriggerId": "",
            "TriggerName": "",
            "Delay": 0,
            "RandomTimeSpawn": false
        },
        {
            "BossName": "assault",
            "BossChance": 80,
            "BossZone": "ZoneWade",
            "BossPlayer": false,
            "BossDifficult": "normal",
            "BossEscortType": "marksman",
            "BossEscortDifficult": "normal",
            "BossEscortAmount": "0,0,1",
            "Time": 110,
            "Supports": null,
            "TriggerId": "",
            "TriggerName": "",
            "Delay": 0,
            "RandomTimeSpawn": false
        },
        {
            "BossName": "assault",
            "BossChance": 70,
            "BossZone": "ZoneWade",
            "BossPlayer": false,
            "BossDifficult": "normal",
            "BossEscortType": "assault",
            "BossEscortDifficult": "normal",
            "BossEscortAmount": "0,0,0,1,1",
            "Time": 810,
            "Supports": null,
            "TriggerId": "",
            "TriggerName": "",
            "Delay": 0,
            "RandomTimeSpawn": false
        },
        {
            "BossName": "assault",
            "BossChance": 75,
            "BossZone": "ZoneWade",
            "BossPlayer": false,
            "BossDifficult": "normal",
            "BossEscortType": "marksman",
            "BossEscortDifficult": "normal",
            "BossEscortAmount": "0,0,0,1,1",
            "Time": 1720,
            "Supports": null,
            "TriggerId": "",
            "TriggerName": "",
            "Delay": 0,
            "RandomTimeSpawn": false
        },
        {
            "BossName": "assault",
            "BossChance": 75,
            "BossZone": "ZoneWade",
            "BossPlayer": false,
            "BossDifficult": "normal",
            "BossEscortType": "assault",
            "BossEscortDifficult": "normal",
            "BossEscortAmount": "0,0,0,1,1",
            "Time": 2620,
            "Supports": null,
            "TriggerId": "",
            "TriggerName": "",
            "Delay": 0,
            "RandomTimeSpawn": false
        },
        {
            "BossName": "marksman",
            "BossChance": 65,
            "BossZone": "ZoneSnipeBrige",
            "BossPlayer": false,
            "BossDifficult": "normal",
            "BossEscortType": "marksman",
            "BossEscortDifficult": "normal",
            "BossEscortAmount": "0",
            "Time": 430,
            "Supports": null,
            "TriggerId": "",
            "TriggerName": "",
            "Delay": 0,
            "RandomTimeSpawn": false
        },
        {
            "BossName": "marksman",
            "BossChance": 65,
            "BossZone": "ZoneSnipeBrige",
            "BossPlayer": false,
            "BossDifficult": "normal",
            "BossEscortType": "marksman",
            "BossEscortDifficult": "normal",
            "BossEscortAmount": "0",
            "Time": 1930,
            "Supports": null,
            "TriggerId": "",
            "TriggerName": "",
            "Delay": 0,
            "RandomTimeSpawn": false
        },
        {
            "BossName": "marksman",
            "BossChance": 75,
            "BossZone": "ZoneSnipeTower",
            "BossPlayer": false,
            "BossDifficult": "normal",
            "BossEscortType": "marksman",
            "BossEscortDifficult": "normal",
            "BossEscortAmount": "0",
            "Time": 650,
            "Supports": null,
            "TriggerId": "",
            "TriggerName": "",
            "Delay": 0,
            "RandomTimeSpawn": false
        },
        {
            "BossName": "marksman",
            "BossChance": 75,
            "BossZone": "ZoneSnipeTower",
            "BossPlayer": false,
            "BossDifficult": "normal",
            "BossEscortType": "marksman",
            "BossEscortDifficult": "normal",
            "BossEscortAmount": "0",
            "Time": 2150,
            "Supports": null,
            "TriggerId": "",
            "TriggerName": "",
            "Delay": 0,
            "RandomTimeSpawn": false
        },
        {
            "BossName": "marksman",
            "BossChance": 65,
            "BossZone": "ZoneBlockPostSniper",
            "BossPlayer": false,
            "BossDifficult": "normal",
            "BossEscortType": "marksman",
            "BossEscortDifficult": "normal",
            "BossEscortAmount": "0",
            "Time": 520,
            "Supports": null,
            "TriggerId": "",
            "TriggerName": "",
            "Delay": 0,
            "RandomTimeSpawn": false
        },
        {
            "BossName": "marksman",
            "BossChance": 65,
            "BossZone": "ZoneBlockPostSniper",
            "BossPlayer": false,
            "BossDifficult": "normal",
            "BossEscortType": "marksman",
            "BossEscortDifficult": "normal",
            "BossEscortAmount": "0",
            "Time": 1720,
            "Supports": null,
            "TriggerId": "",
            "TriggerName": "",
            "Delay": 0,
            "RandomTimeSpawn": false
        }
    ]
}
