{
    "BossLocationSpawn": [
        {
            "BossName": "pmcBot",
            "BossChance": 40,
            "BossZone": "BotZoneBasement",
            "BossPlayer": false,
            "BossDifficult": "normal",
            "BossEscortType": "pmcBot",
            "BossEscortDifficult": "normal",
            "BossEscortAmount": "1,1,1,1,2,2,2,1,1,1,1,2,2,2,3",
            "Time": -1,
            "Supports": null,
            "TriggerId": "autoId_00007_EXFIL",
            "TriggerName": "interactObject",
            "Delay": 0,
            "RandomTimeSpawn": false
        },
        {
            "BossName": "pmcBot",
            "BossChance": 45,
            "BossZone": "BotZoneBasement",
            "BossPlayer": false,
            "BossDifficult": "normal",
            "BossEscortType": "pmcBot",
            "BossEscortDifficult": "normal",
            "BossEscortAmount": "1,1,1,1,2,2,2,1,1,1,1,2,2,2,3",
            "Time": 450,
            "Supports": null,
            "TriggerId": "autoId_00008_EXFIL",
            "TriggerName": "interactObject",
            "Delay": 0,
            "RandomTimeSpawn": false
        },
        {
            "BossName": "pmcBot",
            "BossChance": 45,
            "BossZone": "BotZoneBasement",
            "BossPlayer": false,
            "BossDifficult": "normal",
            "BossEscortType": "pmcBot",
            "BossEscortDifficult": "normal",
            "BossEscortAmount": "1,1,1,1,2,2,2,1,1,1,1,2,2,2,3",
            "Time": 800,
            "Supports": null,
            "TriggerId": "autoId_00010_EXFIL",
            "TriggerName": "interactObject",
            "Delay": 0,
            "RandomTimeSpawn": false
        },
        {
            "BossName": "pmcBot",
            "BossChance": 30,
            "BossZone": "BotZoneFloor1",
            "BossPlayer": false,
            "BossDifficult": "normal",
            "BossEscortType": "pmcBot",
            "BossEscortDifficult": "normal",
            "BossEscortAmount": "1,1,1,1,2,2,2,1,1,1,1,2,2,2,3",
            "Time": -1,
            "Supports": null,
            "TriggerId": "autoId_00012_EXFIL",
            "TriggerName": "interactObject",
            "Delay": 0,
            "RandomTimeSpawn": false
        },
        {
            "BossName": "pmcBot",
            "BossChance": 35,
            "BossZone": "BotZoneFloor1",
            "BossPlayer": false,
            "BossDifficult": "normal",
            "BossEscortType": "pmcBot",
            "BossEscortDifficult": "normal",
            "BossEscortAmount": "1,1,2,2,1,1,2,2,2,2,1,1,2,2,3",
            "Time": -1,
            "Supports": null,
            "TriggerId": "autoId_00009_EXFIL",
            "TriggerName": "interactObject",
            "Delay": 0,
            "RandomTimeSpawn": false
        },
        {
            "BossName": "pmcBot",
            "BossChance": 35,
            "BossZone": "BotZoneFloor1",
            "BossPlayer": false,
            "BossDifficult": "normal",
            "BossEscortType": "pmcBot",
            "BossEscortDifficult": "normal",
            "BossEscortAmount": "1,1,1,1,2,2,2,1,1,1,1,2,2,2,3",
            "Time": 600,
            "Supports": null,
            "TriggerId": "autoId_00632_EXFIL",
            "TriggerName": "interactObject",
            "Delay": 0,
            "RandomTimeSpawn": false
        },
        {
            "BossName": "pmcBot",
            "BossChance": 35,
            "BossZone": "BotZoneFloor1",
            "BossPlayer": false,
            "BossDifficult": "normal",
            "BossEscortType": "pmcBot",
            "BossEscortDifficult": "normal",
            "BossEscortAmount": "1,1,1,1,2,2,2,1,1,1,1,2,2,2,3",
            "Time": 900,
            "Supports": null,
            "TriggerId": "",
            "TriggerName": "",
            "Delay": 900,
            "RandomTimeSpawn": false
        },
        {
            "BossName": "pmcBot",
            "BossChance": 35,
            "BossZone": "BotZoneFloor2",
            "BossPlayer": false,
            "BossDifficult": "normal",
            "BossEscortType": "pmcBot",
            "BossEscortDifficult": "normal",
            "BossEscortAmount": "1,1,1,1,2,2,2,1,1,1,1,2,2,2,3",
            "Time": 1500,
            "Supports": null,
            "TriggerId": "",
            "TriggerName": "",
            "Delay": 1500,
            "RandomTimeSpawn": false
        },
        {
            "BossName": "pmcBot",
            "BossChance": 35,
            "BossZone": "BotZoneFloor1",
            "BossPlayer": false,
            "BossDifficult": "normal",
            "BossEscortType": "pmcBot",
            "BossEscortDifficult": "normal",
            "BossEscortAmount": "1,1,1,1,2,2,2,1,1,1,1,2,2,2,3",
            "Time": 1200,
            "Supports": null,
            "TriggerId": "autoId_00014_EXFIL",
            "TriggerName": "interactObject",
            "Delay": 0,
            "RandomTimeSpawn": false
        },
        {
            "BossName": "pmcBot",
            "BossChance": 30,
            "BossZone": "BotZoneFloor2",
            "BossPlayer": false,
            "BossDifficult": "normal",
            "BossEscortType": "pmcBot",
            "BossEscortDifficult": "normal",
            "BossEscortAmount": "1,1,1,1,2,2,2,1,1,1,1,2,2,2,3",
            "Time": -1,
            "Supports": null,
            "TriggerId": "autoId_00012_EXFIL",
            "TriggerName": "interactObject",
            "Delay": 0,
            "RandomTimeSpawn": false
        },
        {
            "BossName": "pmcBot",
            "BossChance": 35,
            "BossZone": "BotZoneFloor2",
            "BossPlayer": false,
            "BossDifficult": "normal",
            "BossEscortType": "pmcBot",
            "BossEscortDifficult": "normal",
            "BossEscortAmount": "1,1,1,1,2,2,2,1,1,1,1,2,2,2,3",
            "Time": -1,
            "Supports": null,
            "TriggerId": "autoId_00009_EXFIL",
            "TriggerName": "interactObject",
            "Delay": 0,
            "RandomTimeSpawn": false
        },
        {
            "BossName": "pmcBot",
            "BossChance": 45,
            "BossZone": "BotZoneFloor2",
            "BossPlayer": false,
            "BossDifficult": "normal",
            "BossEscortType": "pmcBot",
            "BossEscortDifficult": "normal",
            "BossEscortAmount": "1,1,1,1,2,2,2,1,1,1,1,2,2,2,3",
            "Time": -1,
            "Supports": null,
            "TriggerId": "autoId_00007_EXFIL",
            "TriggerName": "interactObject",
            "Delay": 0,
            "RandomTimeSpawn": false
        },
        {
            "BossName": "pmcBot",
            "BossChance": 35,
            "BossZone": "BotZoneFloor2",
            "BossPlayer": false,
            "BossDifficult": "normal",
            "BossEscortType": "pmcBot",
            "BossEscortDifficult": "normal",
            "BossEscortAmount": "1,1,1,1,2,2,2,1,1,1,1,2,2,2,3",
            "Time": 300,
            "Supports": null,
            "TriggerId": "",
            "TriggerName": "",
            "Delay": 300,
            "RandomTimeSpawn": false
        },
        {
            "BossName": "pmcBot",
            "BossChance": 30,
            "BossZone": "BotZoneFloor2",
            "BossPlayer": false,
            "BossDifficult": "normal",
            "BossEscortType": "pmcBot",
            "BossEscortDifficult": "normal",
            "BossEscortAmount": "1,1,1,1,2,2,2,1,1,1,1,2,2,2,3",
            "Time": 600,
            "Supports": null,
            "TriggerId": "autoId_00632_EXFIL",
            "TriggerName": "interactObject",
            "Delay": 0,
            "RandomTimeSpawn": false
        },
        {
            "BossName": "pmcBot",
            "BossChance": 35,
            "BossZone": "BotZoneFloor2",
            "BossPlayer": false,
            "BossDifficult": "normal",
            "BossEscortType": "pmcBot",
            "BossEscortDifficult": "normal",
            "BossEscortAmount": "1,1,2,2,1,1,2,2,2,2,1,1,2,2,3",
            "Time": 1200,
            "Supports": null,
            "TriggerId": "autoId_00014_EXFIL",
            "TriggerName": "interactObject",
            "Delay": 0,
            "RandomTimeSpawn": false
        },
        {
            "BossName": "pmcBot",
            "BossChance": 45,
            "BossZone": "BotZoneGate1",
            "BossPlayer": false,
            "BossDifficult": "normal",
            "BossEscortType": "pmcBot",
            "BossEscortDifficult": "normal",
            "BossEscortAmount": "1,1,1,1,2,2,2,1,1,1,1,2,2,2,3",
            "Time": -1,
            "Supports": null,
            "TriggerId": "autoId_00632_EXFIL",
            "TriggerName": "interactObject",
            "Delay": 8,
            "RandomTimeSpawn": false
        },
        {
            "BossName": "pmcBot",
            "BossChance": 40,
            "BossZone": "BotZoneGate2",
            "BossPlayer": false,
            "BossDifficult": "normal",
            "BossEscortType": "pmcBot",
            "BossEscortDifficult": "normal",
            "BossEscortAmount": "1,1,1,1,2,2,2,1,1,1,1,2,2,2,3",
            "Time": -1,
            "Supports": null,
            "TriggerId": "autoId_00014_EXFIL",
            "TriggerName": "interactObject",
            "Delay": 8,
            "RandomTimeSpawn": false
        },
        {
            "BossName": "sptBear",
            "BossChance": 45,
            "BossZone": "BotZoneBasement",
            "BossPlayer": true,
            "BossDifficult": "normal",
            "BossEscortType": "sptBear",
            "BossEscortDifficult": "normal",
            "BossEscortAmount": "0,0,0,0,0,0,0,0,0,0,0,1",
            "Time": -1,
            "Supports": null,
            "TriggerId": "",
            "TriggerName": "",
            "Delay": 70,
            "RandomTimeSpawn": false
        },
        {
            "BossName": "sptUsec",
            "BossChance": 45,
            "BossZone": "BotZoneFloor1",
            "BossPlayer": true,
            "BossDifficult": "normal",
            "BossEscortType": "sptUsec",
            "BossEscortDifficult": "normal",
            "BossEscortAmount": "0,0,0,0,0,0,0,0,0,0,0,1",
            "Time": -1,
            "Supports": null,
            "TriggerId": "",
            "TriggerName": "",
            "Delay": 90,
            "RandomTimeSpawn": false
        },
        {
            "BossName": "sptBear",
            "BossChance": 45,
            "BossZone": "BotZoneFloor2",
            "BossPlayer": true,
            "BossDifficult": "normal",
            "BossEscortType": "sptBear",
            "BossEscortDifficult": "normal",
            "BossEscortAmount": "0,0,0,0,0,0,0,0,0,0,0,1",
            "Time": -1,
            "Supports": null,
            "TriggerId": "",
            "TriggerName": "",
            "Delay": 120,
            "RandomTimeSpawn": false
        },
        {
            "BossName": "sptUsec",
            "BossChance": 45,
            "BossZone": "BotZoneBasement",
            "BossPlayer": true,
            "BossDifficult": "normal",
            "BossEscortType": "sptBear",
            "BossEscortDifficult": "normal",
            "BossEscortAmount": "0,0,0,0,0,0,0,0,0,0,0,1",
            "Time": -1,
            "Supports": null,
            "TriggerId": "",
            "TriggerName": "",
            "Delay": 210,
            "RandomTimeSpawn": false
        },
        {
            "BossName": "sptBear",
            "BossChance": 45,
            "BossZone": "BotZoneFloor1",
            "BossPlayer": true,
            "BossDifficult": "normal",
            "BossEscortType": "sptUsec",
            "BossEscortDifficult": "normal",
            "BossEscortAmount": "0,0,0,0,0,0,0,0,0,0,0,1",
            "Time": -1,
            "Supports": null,
            "TriggerId": "",
            "TriggerName": "",
            "Delay": 230,
            "RandomTimeSpawn": false
        },
        {
            "BossName": "sptUsec",
            "BossChance": 45,
            "BossZone": "BotZoneFloor2",
            "BossPlayer": true,
            "BossDifficult": "normal",
            "BossEscortType": "sptBear",
            "BossEscortDifficult": "normal",
            "BossEscortAmount": "0,0,0,0,0,0,0,0,0,0,0,1",
            "Time": -1,
            "Supports": null,
            "TriggerId": "",
            "TriggerName": "",
            "Delay": 260,
            "RandomTimeSpawn": false
        },
        {
            "BossName": "sptBear",
            "BossChance": 45,
            "BossZone": "BotZoneBasement",
            "BossPlayer": true,
            "BossDifficult": "normal",
            "BossEscortType": "sptBear",
            "BossEscortDifficult": "normal",
            "BossEscortAmount": "0,0,0,0,0,0,0,0,0,0,0,1",
            "Time": -1,
            "Supports": null,
            "TriggerId": "",
            "TriggerName": "",
            "Delay": 670,
            "RandomTimeSpawn": false
        },
        {
            "BossName": "sptUsec",
            "BossChance": 45,
            "BossZone": "BotZoneFloor1",
            "BossPlayer": true,
            "BossDifficult": "normal",
            "BossEscortType": "sptUsec",
            "BossEscortDifficult": "normal",
            "BossEscortAmount": "0,0,0,0,0,0,0,0,0,0,0,1",
            "Time": -1,
            "Supports": null,
            "TriggerId": "",
            "TriggerName": "",
            "Delay": 710,
            "RandomTimeSpawn": false
        },
        {
            "BossName": "sptBear",
            "BossChance": 45,
            "BossZone": "BotZoneFloor2",
            "BossPlayer": true,
            "BossDifficult": "normal",
            "BossEscortType": "sptBear",
            "BossEscortDifficult": "normal",
            "BossEscortAmount": "0,0,0,0,0,0,0,0,0,0,0,1",
            "Time": -1,
            "Supports": null,
            "TriggerId": "",
            "TriggerName": "",
            "Delay": 770,
            "RandomTimeSpawn": false
        },
        {
            "BossName": "sptBear",
            "BossChance": 45,
            "BossZone": "BotZoneBasement,BotZoneFloor1",
            "BossPlayer": true,
            "BossDifficult": "normal",
            "BossEscortType": "sptUsec",
            "BossEscortDifficult": "normal",
            "BossEscortAmount": "0,0,0,1,1",
            "Time": -1,
            "Supports": null,
            "TriggerId": "",
            "TriggerName": "",
            "Delay": 950,
            "RandomTimeSpawn": false
        },
        {
            "BossName": "sptUsec",
            "BossChance": 45,
            "BossZone": "BotZoneFloor1,BotZoneFloor2",
            "BossPlayer": true,
            "BossDifficult": "normal",
            "BossEscortType": "sptBear",
            "BossEscortDifficult": "normal",
            "BossEscortAmount": "0,1,1",
            "Time": -1,
            "Supports": null,
            "TriggerId": "",
            "TriggerName": "",
            "Delay": 1160,
            "RandomTimeSpawn": false
        },
        {
            "BossName": "sptBear",
            "BossChance": 45,
            "BossZone": "BotZoneBasement,BotZoneFloor2",
            "BossPlayer": true,
            "BossDifficult": "normal",
            "BossEscortType": "sptUsec",
            "BossEscortDifficult": "normal",
            "BossEscortAmount": "0,1,1",
            "Time": -1,
            "Supports": null,
            "TriggerId": "",
            "TriggerName": "",
            "Delay": 1280,
            "RandomTimeSpawn": false
        },
        {
            "BossName": "sptUsec",
            "BossChance": 45,
            "BossZone": "BotZoneBasement,BotZoneFloor1,BotZoneFloor2",
            "BossPlayer": true,
            "BossDifficult": "normal",
            "BossEscortType": "sptUsec",
            "BossEscortDifficult": "normal",
            "BossEscortAmount": "0,0,0,0,0,0,0,0,0,0,0,1",
            "Time": -1,
            "Supports": null,
            "TriggerId": "",
            "TriggerName": "",
            "Delay": 1410,
            "RandomTimeSpawn": false
        },
        {
            "BossName": "sptBear",
            "BossChance": 45,
            "BossZone": "BotZoneBasement",
            "BossPlayer": true,
            "BossDifficult": "normal",
            "BossEscortType": "sptBear",
            "BossEscortDifficult": "normal",
            "BossEscortAmount": "0,0,0,0,0,0,0,0,0,0,0,1",
            "Time": -1,
            "Supports": null,
            "TriggerId": "",
            "TriggerName": "",
            "Delay": 1520,
            "RandomTimeSpawn": false
        },
        {
            "BossName": "sptUsec",
            "BossChance": 45,
            "BossZone": "BotZoneFloor1",
            "BossPlayer": true,
            "BossDifficult": "normal",
            "BossEscortType": "sptUsec",
            "BossEscortDifficult": "normal",
            "BossEscortAmount": "0,0,0,0,0,0,0,0,0,0,0,1",
            "Time": -1,
            "Supports": null,
            "TriggerId": "",
            "TriggerName": "",
            "Delay": 1780,
            "RandomTimeSpawn": false
        },
        {
            "BossName": "sptBear",
            "BossChance": 45,
            "BossZone": "BotZoneFloor2",
            "BossPlayer": true,
            "BossDifficult": "normal",
            "BossEscortType": "sptBear",
            "BossEscortDifficult": "normal",
            "BossEscortAmount": "0,0,0,0,0,0,0,0,0,0,0,1",
            "Time": -1,
            "Supports": null,
            "TriggerId": "",
            "TriggerName": "",
            "Delay": 1990,
            "RandomTimeSpawn": false
        },
        {
            "BossName": "sptUsec",
            "BossChance": 45,
            "BossZone": "BotZoneBasement",
            "BossPlayer": true,
            "BossDifficult": "normal",
            "BossEscortType": "sptBear",
            "BossEscortDifficult": "normal",
            "BossEscortAmount": "0,0,0,0,0,0,0,0,0,0,0,1",
            "Time": -1,
            "Supports": null,
            "TriggerId": "",
            "TriggerName": "",
            "Delay": 2260,
            "RandomTimeSpawn": false
        },
        {
            "BossName": "sptBear",
            "BossChance": 45,
            "BossZone": "BotZoneFloor1",
            "BossPlayer": true,
            "BossDifficult": "normal",
            "BossEscortType": "sptUsec",
            "BossEscortDifficult": "normal",
            "BossEscortAmount": "0,0,0,0,0,0,0,0,0,0,0,1",
            "Time": -1,
            "Supports": null,
            "TriggerId": "",
            "TriggerName": "",
            "Delay": 2350,
            "RandomTimeSpawn": false
        },
        {
            "BossName": "sptUsec",
            "BossChance": 45,
            "BossZone": "BotZoneFloor2",
            "BossPlayer": true,
            "BossDifficult": "normal",
            "BossEscortType": "sptBear",
            "BossEscortDifficult": "normal",
            "BossEscortAmount": "0,0,0,0,0,0,0,0,0,0,0,1",
            "Time": -1,
            "Supports": null,
            "TriggerId": "",
            "TriggerName": "",
            "Delay": 2460,
            "RandomTimeSpawn": false
        },
        {
            "BossName": "sptBear",
            "BossChance": 45,
            "BossZone": "BotZoneBasement",
            "BossPlayer": true,
            "BossDifficult": "normal",
            "BossEscortType": "sptBear",
            "BossEscortDifficult": "normal",
            "BossEscortAmount": "0,0,0,0,0,0,0,0,0,0,0,1",
            "Time": -1,
            "Supports": null,
            "TriggerId": "",
            "TriggerName": "",
            "Delay": 2580,
            "RandomTimeSpawn": false
        }
    ]
}