{
    "BossLocationSpawn": [
        {
            "BossName": "exUsec",
            "BossChance": 75,
            "BossZone": "Zone_Blockpost",
            "BossPlayer": false,
            "BossDifficult": "normal",
            "BossEscortType": "exUsec",
            "BossEscortDifficult": "normal",
            "BossEscortAmount": "0,1,1",
            "Time": 240,
            "Supports": null,
            "TriggerId": "",
            "TriggerName": "",
            "Delay": 0,
            "RandomTimeSpawn": false
        },
        {
            "BossName": "exUsec",
            "BossChance": 65,
            "BossZone": "Zone_Hellicopter",
            "BossPlayer": false,
            "BossDifficult": "normal",
            "BossEscortType": "exUsec",
            "BossEscortDifficult": "normal",
            "BossEscortAmount": "1,1,1,2",
            "Time": 560,
            "Supports": null,
            "TriggerId": "",
            "TriggerName": "",
            "Delay": 0,
            "RandomTimeSpawn": false
        },
        {
            "BossName": "exUsec",
            "BossChance": 50,
            "BossZone": "Zone_RoofBeach",
            "BossPlayer": false,
            "BossDifficult": "normal",
            "BossEscortType": "exUsec",
            "BossEscortDifficult": "normal",
            "BossEscortAmount": "0,0,0,1",
            "Time": 830,
            "Supports": null,
            "TriggerId": "",
            "TriggerName": "",
            "Delay": 0,
            "RandomTimeSpawn": false
        },
        {
            "BossName": "exUsec",
            "BossChance": 45,
            "BossZone": "Zone_RoofContainers",
            "BossPlayer": false,
            "BossDifficult": "normal",
            "BossEscortType": "exUsec",
            "BossEscortDifficult": "normal",
            "BossEscortAmount": "0,0,0,1",
            "Time": 1190,
            "Supports": null,
            "TriggerId": "",
            "TriggerName": "",
            "Delay": 0,
            "RandomTimeSpawn": false
        },
        {
            "BossName": "exUsec",
            "BossChance": 35,
            "BossZone": "Zone_RoofRocks",
            "BossPlayer": false,
            "BossDifficult": "normal",
            "BossEscortType": "exUsec",
            "BossEscortDifficult": "normal",
            "BossEscortAmount": "0,0,0,1",
            "Time": 420,
            "Supports": null,
            "TriggerId": "",
            "TriggerName": "",
            "Delay": 0,
            "RandomTimeSpawn": false
        },
        {
            "BossName": "exUsec",
            "BossChance": 75,
            "BossZone": "Zone_TreatmentRocks",
            "BossPlayer": false,
            "BossDifficult": "normal",
            "BossEscortType": "exUsec",
            "BossEscortDifficult": "normal",
            "BossEscortAmount": "0,0,1",
            "Time": 430,
            "Supports": null,
            "TriggerId": "",
            "TriggerName": "",
            "Delay": 0,
            "RandomTimeSpawn": false
        },
        {
            "BossName": "exUsec",
            "BossChance": 60,
            "BossZone": "Zone_TreatmentBeach",
            "BossPlayer": false,
            "BossDifficult": "normal",
            "BossEscortType": "exUsec",
            "BossEscortDifficult": "normal",
            "BossEscortAmount": "0,0,1",
            "Time": 710,
            "Supports": null,
            "TriggerId": "",
            "TriggerName": "",
            "Delay": 0,
            "RandomTimeSpawn": false
        },
        {
            "BossName": "exUsec",
            "BossChance": 70,
            "BossZone": "Zone_TreatmentContainers",
            "BossPlayer": false,
            "BossDifficult": "normal",
            "BossEscortType": "exUsec",
            "BossEscortDifficult": "normal",
            "BossEscortAmount": "1,1,2",
            "Time": 540,
            "Supports": null,
            "TriggerId": "",
            "TriggerName": "",
            "Delay": 0,
            "RandomTimeSpawn": false
        },
        {
            "BossName": "exUsec",
            "BossChance": 60,
            "BossZone": "Zone_Island",
            "BossPlayer": false,
            "BossDifficult": "normal",
            "BossEscortType": "exUsec",
            "BossEscortDifficult": "normal",
            "BossEscortAmount": "1,1,2,2,2",
            "Time": -1,
            "Supports": null,
            "TriggerId": "",
            "TriggerName": "",
            "Delay": 0,
            "RandomTimeSpawn": false
        },
        {
            "BossName": "exUsec",
            "BossChance": 55,
            "BossZone": "Zone_TreatmentRocks,Zone_TreatmentBeach,Zone_TreatmentContainers",
            "BossPlayer": false,
            "BossDifficult": "normal",
            "BossEscortType": "exUsec",
            "BossEscortDifficult": "normal",
            "BossEscortAmount": "0,0,0,1,1",
            "Time": 1490,
            "Supports": null,
            "TriggerId": "",
            "TriggerName": "",
            "Delay": 0,
            "RandomTimeSpawn": false
        },
        {
            "BossName": "exUsec",
            "BossChance": 55,
            "BossZone": "Zone_TreatmentRocks,Zone_TreatmentBeach,Zone_TreatmentContainers",
            "BossPlayer": false,
            "BossDifficult": "normal",
            "BossEscortType": "exUsec",
            "BossEscortDifficult": "normal",
            "BossEscortAmount": "0,0,0,1,1",
            "Time": 2160,
            "Supports": null,
            "TriggerId": "",
            "TriggerName": "",
            "Delay": 0,
            "RandomTimeSpawn": false
        },
        {
            "BossName": "exUsec",
            "BossChance": 55,
            "BossZone": "Zone_TreatmentRocks,Zone_TreatmentBeach,Zone_TreatmentContainers",
            "BossPlayer": false,
            "BossDifficult": "normal",
            "BossEscortType": "exUsec",
            "BossEscortDifficult": "normal",
            "BossEscortAmount": "0,0,0,1,1",
            "Time": 2660,
            "Supports": null,
            "TriggerId": "",
            "TriggerName": "",
            "Delay": 0,
            "RandomTimeSpawn": false
        },
        {
            "BossName": "sptBear",
            "BossChance": 60,
            "BossZone": "Zone_Blockpost,Zone_Hellicopter",
            "BossPlayer": false,
            "BossDifficult": "normal",
            "BossEscortType": "sptBear",
            "BossEscortDifficult": "normal",
            "BossEscortAmount": "0,0,1",
            "Time": 940,
            "Supports": null,
            "TriggerId": "",
            "TriggerName": "",
            "Delay": 0,
            "RandomTimeSpawn": false
        },
        {
            "BossName": "sptUsec",
            "BossChance": 70,
            "BossZone": "Zone_Blockpost,Zone_Hellicopter",
            "BossPlayer": false,
            "BossDifficult": "normal",
            "BossEscortType": "sptUsec",
            "BossEscortDifficult": "normal",
            "BossEscortAmount": "0,0,0,0,1",
            "Time": 1980,
            "Supports": null,
            "TriggerId": "",
            "TriggerName": "",
            "Delay": 0,
            "RandomTimeSpawn": false
        },
        {
            "BossName": "sptBear",
            "BossChance": 60,
            "BossZone": "Zone_RoofBeach,Zone_RoofContainers,Zone_RoofRocks",
            "BossPlayer": false,
            "BossDifficult": "normal",
            "BossEscortType": "sptUsec",
            "BossEscortDifficult": "normal",
            "BossEscortAmount": "0,0,0,0,1",
            "Time": 810,
            "Supports": null,
            "TriggerId": "",
            "TriggerName": "",
            "Delay": 0,
            "RandomTimeSpawn": false
        },
        {
            "BossName": "sptBear",
            "BossChance": 75,
            "BossZone": "Zone_TreatmentBeach,Zone_TreatmentRocks",
            "BossPlayer": false,
            "BossDifficult": "normal",
            "BossEscortType": "sptUsec",
            "BossEscortDifficult": "normal",
            "BossEscortAmount": "0,0,1",
            "Time": 720,
            "Supports": null,
            "TriggerId": "",
            "TriggerName": "",
            "Delay": 0,
            "RandomTimeSpawn": false
        },
        {
            "BossName": "sptUsec",
            "BossChance": 60,
            "BossZone": "Zone_TreatmentContainers,Zone_TreatmentBeach",
            "BossPlayer": false,
            "BossDifficult": "normal",
            "BossEscortType": "sptUsec",
            "BossEscortDifficult": "normal",
            "BossEscortAmount": "0,0,1",
            "Time": 1240,
            "Supports": null,
            "TriggerId": "",
            "TriggerName": "",
            "Delay": 0,
            "RandomTimeSpawn": false
        },
        {
            "BossName": "sptBear",
            "BossChance": 60,
            "BossZone": "Zone_TreatmentContainers,Zone_TreatmentBeach,Zone_TreatmentRocks",
            "BossPlayer": false,
            "BossDifficult": "normal",
            "BossEscortType": "sptBear",
            "BossEscortDifficult": "normal",
            "BossEscortAmount": "0,0,1",
            "Time": 1940,
            "Supports": null,
            "TriggerId": "",
            "TriggerName": "",
            "Delay": 0,
            "RandomTimeSpawn": false
        },
        {
            "BossName": "sptUsec",
            "BossChance": 75,
            "BossZone": "Zone_TreatmentContainers,Zone_TreatmentBeach,Zone_TreatmentRocks",
            "BossPlayer": false,
            "BossDifficult": "normal",
            "BossEscortType": "sptUsec",
            "BossEscortDifficult": "normal",
            "BossEscortAmount": "0,0,1",
            "Time": 2440,
            "Supports": null,
            "TriggerId": "",
            "TriggerName": "",
            "Delay": 0,
            "RandomTimeSpawn": false
        },
        {
            "BossName": "sptUsec",
            "BossChance": 75,
            "BossZone": "Zone_TreatmentRocks,Zone_TreatmentContainers",
            "BossPlayer": false,
            "BossDifficult": "normal",
            "BossEscortType": "sptBear",
            "BossEscortDifficult": "normal",
            "BossEscortAmount": "0,0,1",
            "Time": 630,
            "Supports": null,
            "TriggerId": "",
            "TriggerName": "",
            "Delay": 0,
            "RandomTimeSpawn": false
        },
        {
            "BossName": "sptUsec",
            "BossChance": 100,
            "BossZone": "Zone_Island",
            "BossPlayer": false,
            "BossDifficult": "normal",
            "BossEscortType": "sptBear",
            "BossEscortDifficult": "normal",
            "BossEscortAmount": "1,1,1,2",
            "Time": 1230,
            "Supports": null,
            "TriggerId": "",
            "TriggerName": "",
            "Delay": 0,
            "RandomTimeSpawn": false
        },
        {
            "BossName": "sptBear",
            "BossChance": 100,
            "BossZone": "Zone_Island",
            "BossPlayer": false,
            "BossDifficult": "normal",
            "BossEscortType": "sptUsec",
            "BossEscortDifficult": "normal",
            "BossEscortAmount": "1,1,1,2",
            "Time": 2150,
            "Supports": null,
            "TriggerId": "",
            "TriggerName": "",
            "Delay": 0,
            "RandomTimeSpawn": false
        },
        {
            "BossName": "sptUsec",
            "BossChance": 75,
            "BossZone": "Zone_Bridge",
            "BossPlayer": false,
            "BossDifficult": "normal",
            "BossEscortType": "sptUsec",
            "BossEscortDifficult": "normal",
            "BossEscortAmount": "0,0,0,0,1",
            "Time": 540,
            "Supports": null,
            "TriggerId": "",
            "TriggerName": "",
            "Delay": 0,
            "RandomTimeSpawn": false
        },
        {
            "BossName": "sptBear",
            "BossChance": 75,
            "BossZone": "Zone_Bridge",
            "BossPlayer": false,
            "BossDifficult": "normal",
            "BossEscortType": "sptBear",
            "BossEscortDifficult": "normal",
            "BossEscortAmount": "0,0,0,0,1",
            "Time": 1340,
            "Supports": null,
            "TriggerId": "",
            "TriggerName": "",
            "Delay": 0,
            "RandomTimeSpawn": false
        },
        {
            "BossName": "sptUsec",
            "BossChance": 75,
            "BossZone": "Zone_Bridge",
            "BossPlayer": false,
            "BossDifficult": "normal",
            "BossEscortType": "sptUsec",
            "BossEscortDifficult": "normal",
            "BossEscortAmount": "0,0,0,0,1",
            "Time": 2240,
            "Supports": null,
            "TriggerId": "",
            "TriggerName": "",
            "Delay": 0,
            "RandomTimeSpawn": false
        },
        {
            "BossName": "sptBear",
            "BossChance": 75,
            "BossZone": "Zone_Chalet",
            "BossPlayer": false,
            "BossDifficult": "normal",
            "BossEscortType": "sptBear",
            "BossEscortDifficult": "normal",
            "BossEscortAmount": "0,0,0,1,1",
            "Time": 470,
            "Supports": null,
            "TriggerId": "",
            "TriggerName": "",
            "Delay": 0,
            "RandomTimeSpawn": false
        },
        {
            "BossName": "sptUsec",
            "BossChance": 75,
            "BossZone": "Zone_Chalet",
            "BossPlayer": false,
            "BossDifficult": "normal",
            "BossEscortType": "sptUsec",
            "BossEscortDifficult": "normal",
            "BossEscortAmount": "0,0,0,0,1",
            "Time": 1420,
            "Supports": null,
            "TriggerId": "",
            "TriggerName": "",
            "Delay": 0,
            "RandomTimeSpawn": false
        },
        {
            "BossName": "sptBear",
            "BossChance": 75,
            "BossZone": "Zone_Chalet",
            "BossPlayer": false,
            "BossDifficult": "normal",
            "BossEscortType": "sptBear",
            "BossEscortDifficult": "normal",
            "BossEscortAmount": "0,0,0,1,2",
            "Time": 2290,
            "Supports": null,
            "TriggerId": "",
            "TriggerName": "",
            "Delay": 0,
            "RandomTimeSpawn": false
        },
        {
            "BossName": "sptUsec",
            "BossChance": 75,
            "BossZone": "Zone_Containers",
            "BossPlayer": false,
            "BossDifficult": "normal",
            "BossEscortType": "sptUsec",
            "BossEscortDifficult": "normal",
            "BossEscortAmount": "0,0,0,0,1",
            "Time": 670,
            "Supports": null,
            "TriggerId": "",
            "TriggerName": "",
            "Delay": 0,
            "RandomTimeSpawn": false
        },
        {
            "BossName": "sptBear",
            "BossChance": 75,
            "BossZone": "Zone_Containers",
            "BossPlayer": false,
            "BossDifficult": "normal",
            "BossEscortType": "sptBear",
            "BossEscortDifficult": "normal",
            "BossEscortAmount": "0,0,0,0,1",
            "Time": 1450,
            "Supports": null,
            "TriggerId": "",
            "TriggerName": "",
            "Delay": 0,
            "RandomTimeSpawn": false
        },
        {
            "BossName": "sptUsec",
            "BossChance": 75,
            "BossZone": "Zone_Containers",
            "BossPlayer": false,
            "BossDifficult": "normal",
            "BossEscortType": "sptUsec",
            "BossEscortDifficult": "normal",
            "BossEscortAmount": "0,0,0,1,1",
            "Time": 2250,
            "Supports": null,
            "TriggerId": "",
            "TriggerName": "",
            "Delay": 0,
            "RandomTimeSpawn": false
        },
        {
            "BossName": "sptBear",
            "BossChance": 75,
            "BossZone": "Zone_DestroyedHouse",
            "BossPlayer": false,
            "BossDifficult": "normal",
            "BossEscortType": "sptBear",
            "BossEscortDifficult": "normal",
            "BossEscortAmount": "0,0,0,0,1",
            "Time": 520,
            "Supports": null,
            "TriggerId": "",
            "TriggerName": "",
            "Delay": 0,
            "RandomTimeSpawn": false
        },
        {
            "BossName": "sptUsec",
            "BossChance": 75,
            "BossZone": "Zone_DestroyedHouse",
            "BossPlayer": false,
            "BossDifficult": "normal",
            "BossEscortType": "sptUsec",
            "BossEscortDifficult": "normal",
            "BossEscortAmount": "0,0,0,0,1",
            "Time": 1450,
            "Supports": null,
            "TriggerId": "",
            "TriggerName": "",
            "Delay": 0,
            "RandomTimeSpawn": false
        },
        {
            "BossName": "sptBear",
            "BossChance": 75,
            "BossZone": "Zone_DestroyedHouse",
            "BossPlayer": false,
            "BossDifficult": "normal",
            "BossEscortType": "sptBear",
            "BossEscortDifficult": "normal",
            "BossEscortAmount": "0,0,0,0,1",
            "Time": 2160,
            "Supports": null,
            "TriggerId": "",
            "TriggerName": "",
            "Delay": 0,
            "RandomTimeSpawn": false
        },
        {
            "BossName": "sptUsec",
            "BossChance": 75,
            "BossZone": "Zone_LongRoad",
            "BossPlayer": false,
            "BossDifficult": "normal",
            "BossEscortType": "sptUsec",
            "BossEscortDifficult": "normal",
            "BossEscortAmount": "0,0,0,0,1",
            "Time": 560,
            "Supports": null,
            "TriggerId": "",
            "TriggerName": "",
            "Delay": 0,
            "RandomTimeSpawn": false
        },
        {
            "BossName": "sptBear",
            "BossChance": 75,
            "BossZone": "Zone_LongRoad",
            "BossPlayer": false,
            "BossDifficult": "normal",
            "BossEscortType": "sptBear",
            "BossEscortDifficult": "normal",
            "BossEscortAmount": "0,0,0,0,1",
            "Time": 1340,
            "Supports": null,
            "TriggerId": "",
            "TriggerName": "",
            "Delay": 0,
            "RandomTimeSpawn": false
        },
        {
            "BossName": "sptUsec",
            "BossChance": 75,
            "BossZone": "Zone_LongRoad",
            "BossPlayer": false,
            "BossDifficult": "normal",
            "BossEscortType": "sptUsec",
            "BossEscortDifficult": "normal",
            "BossEscortAmount": "0,0,0,1,1",
            "Time": 2270,
            "Supports": null,
            "TriggerId": "",
            "TriggerName": "",
            "Delay": 0,
            "RandomTimeSpawn": false
        },
        {
            "BossName": "sptBear",
            "BossChance": 75,
            "BossZone": "Zone_OldHouse",
            "BossPlayer": false,
            "BossDifficult": "normal",
            "BossEscortType": "sptBear",
            "BossEscortDifficult": "normal",
            "BossEscortAmount": "0,0,0,0,1",
            "Time": 610,
            "Supports": null,
            "TriggerId": "",
            "TriggerName": "",
            "Delay": 0,
            "RandomTimeSpawn": false
        },
        {
            "BossName": "sptUsec",
            "BossChance": 75,
            "BossZone": "Zone_OldHouse",
            "BossPlayer": false,
            "BossDifficult": "normal",
            "BossEscortType": "sptUsec",
            "BossEscortDifficult": "normal",
            "BossEscortAmount": "0,0,0,0,1",
            "Time": 1520,
            "Supports": null,
            "TriggerId": "",
            "TriggerName": "",
            "Delay": 0,
            "RandomTimeSpawn": false
        },
        {
            "BossName": "sptBear",
            "BossChance": 75,
            "BossZone": "Zone_OldHouse",
            "BossPlayer": false,
            "BossDifficult": "normal",
            "BossEscortType": "sptBear",
            "BossEscortDifficult": "normal",
            "BossEscortAmount": "0,0,0,0,1",
            "Time": 2190,
            "Supports": null,
            "TriggerId": "",
            "TriggerName": "",
            "Delay": 0,
            "RandomTimeSpawn": false
        },
        {
            "BossName": "sptUsec",
            "BossChance": 75,
            "BossZone": "Zone_Rocks",
            "BossPlayer": false,
            "BossDifficult": "normal",
            "BossEscortType": "sptUsec",
            "BossEscortDifficult": "normal",
            "BossEscortAmount": "0,0,1,1,1",
            "Time": 420,
            "Supports": null,
            "TriggerId": "",
            "TriggerName": "",
            "Delay": 0,
            "RandomTimeSpawn": false
        },
        {
            "BossName": "sptBear",
            "BossChance": 75,
            "BossZone": "Zone_Rocks",
            "BossPlayer": false,
            "BossDifficult": "normal",
            "BossEscortType": "sptBear",
            "BossEscortDifficult": "normal",
            "BossEscortAmount": "0,0,0,1,1",
            "Time": 1160,
            "Supports": null,
            "TriggerId": "",
            "TriggerName": "",
            "Delay": 0,
            "RandomTimeSpawn": false
        },
        {
            "BossName": "sptUsec",
            "BossChance": 75,
            "BossZone": "Zone_Rocks",
            "BossPlayer": false,
            "BossDifficult": "normal",
            "BossEscortType": "sptUsec",
            "BossEscortDifficult": "normal",
            "BossEscortAmount": "0,0,0,1,1",
            "Time": 2090,
            "Supports": null,
            "TriggerId": "",
            "TriggerName": "",
            "Delay": 0,
            "RandomTimeSpawn": false
        },
        {
            "BossName": "sptBear",
            "BossChance": 75,
            "BossZone": "Zone_Village",
            "BossPlayer": false,
            "BossDifficult": "normal",
            "BossEscortType": "sptBear",
            "BossEscortDifficult": "normal",
            "BossEscortAmount": "0,0,0,0,1",
            "Time": 560,
            "Supports": null,
            "TriggerId": "",
            "TriggerName": "",
            "Delay": 0,
            "RandomTimeSpawn": false
        },
        {
            "BossName": "sptUsec",
            "BossChance": 75,
            "BossZone": "Zone_Village",
            "BossPlayer": false,
            "BossDifficult": "normal",
            "BossEscortType": "sptUsec",
            "BossEscortDifficult": "normal",
            "BossEscortAmount": "0,0,0,1,1",
            "Time": 1360,
            "Supports": null,
            "TriggerId": "",
            "TriggerName": "",
            "Delay": 0,
            "RandomTimeSpawn": false
        },
        {
            "BossName": "sptBear",
            "BossChance": 75,
            "BossZone": "Zone_Village",
            "BossPlayer": false,
            "BossDifficult": "normal",
            "BossEscortType": "sptBear",
            "BossEscortDifficult": "normal",
            "BossEscortAmount": "0,0,0,0,1",
            "Time": 2230,
            "Supports": null,
            "TriggerId": "",
            "TriggerName": "",
            "Delay": 0,
            "RandomTimeSpawn": false
        },
        {
            "BossName": "assault",
            "BossChance": 100,
            "BossZone": "Zone_Bridge",
            "BossPlayer": false,
            "BossDifficult": "normal",
            "BossEscortType": "assault",
            "BossEscortDifficult": "normal",
            "BossEscortAmount": "0",
            "Time": 20,
            "Supports": null,
            "TriggerId": "",
            "TriggerName": "",
            "Delay": 0,
            "RandomTimeSpawn": false
        },
        {
            "BossName": "assault",
            "BossChance": 80,
            "BossZone": "Zone_Bridge",
            "BossPlayer": false,
            "BossDifficult": "normal",
            "BossEscortType": "assault",
            "BossEscortDifficult": "normal",
            "BossEscortAmount": "0,0,0,0,1",
            "Time": 180,
            "Supports": null,
            "TriggerId": "",
            "TriggerName": "",
            "Delay": 0,
            "RandomTimeSpawn": false
        },
        {
            "BossName": "assault",
            "BossChance": 80,
            "BossZone": "Zone_Bridge",
            "BossPlayer": false,
            "BossDifficult": "normal",
            "BossEscortType": "assault",
            "BossEscortDifficult": "normal",
            "BossEscortAmount": "0,0,0,1,1",
            "Time": 915,
            "Supports": null,
            "TriggerId": "",
            "TriggerName": "",
            "Delay": 0,
            "RandomTimeSpawn": false
        },
        {
            "BossName": "assault",
            "BossChance": 80,
            "BossZone": "Zone_Bridge",
            "BossPlayer": false,
            "BossDifficult": "normal",
            "BossEscortType": "assault",
            "BossEscortDifficult": "normal",
            "BossEscortAmount": "0,0,0,1,1",
            "Time": 1790,
            "Supports": null,
            "TriggerId": "",
            "TriggerName": "",
            "Delay": 0,
            "RandomTimeSpawn": false
        },
        {
            "BossName": "assault",
            "BossChance": 75,
            "BossZone": "Zone_Bridge",
            "BossPlayer": false,
            "BossDifficult": "normal",
            "BossEscortType": "assault",
            "BossEscortDifficult": "normal",
            "BossEscortAmount": "0,0,0,1,1",
            "Time": 2390,
            "Supports": null,
            "TriggerId": "",
            "TriggerName": "",
            "Delay": 0,
            "RandomTimeSpawn": false
        },
        {
            "BossName": "assault",
            "BossChance": 90,
            "BossZone": "Zone_Chalet",
            "BossPlayer": false,
            "BossDifficult": "normal",
            "BossEscortType": "assault",
            "BossEscortDifficult": "normal",
            "BossEscortAmount": "0,0,0,0,1",
            "Time": 130,
            "Supports": null,
            "TriggerId": "",
            "TriggerName": "",
            "Delay": 0,
            "RandomTimeSpawn": false
        },
        {
            "BossName": "assault",
            "BossChance": 80,
            "BossZone": "Zone_Chalet",
            "BossPlayer": false,
            "BossDifficult": "normal",
            "BossEscortType": "assault",
            "BossEscortDifficult": "normal",
            "BossEscortAmount": "0,0,0,1,1",
            "Time": 850,
            "Supports": null,
            "TriggerId": "",
            "TriggerName": "",
            "Delay": 0,
            "RandomTimeSpawn": false
        },
        {
            "BossName": "assault",
            "BossChance": 80,
            "BossZone": "Zone_Chalet",
            "BossPlayer": false,
            "BossDifficult": "normal",
            "BossEscortType": "assault",
            "BossEscortDifficult": "normal",
            "BossEscortAmount": "0,0,0,1,1",
            "Time": 1710,
            "Supports": null,
            "TriggerId": "",
            "TriggerName": "",
            "Delay": 0,
            "RandomTimeSpawn": false
        },
        {
            "BossName": "assault",
            "BossChance": 75,
            "BossZone": "Zone_Chalet",
            "BossPlayer": false,
            "BossDifficult": "normal",
            "BossEscortType": "assault",
            "BossEscortDifficult": "normal",
            "BossEscortAmount": "0,0,0,1,1",
            "Time": 2410,
            "Supports": null,
            "TriggerId": "",
            "TriggerName": "",
            "Delay": 0,
            "RandomTimeSpawn": false
        },
        {
            "BossName": "assault",
            "BossChance": 100,
            "BossZone": "Zone_Containers",
            "BossPlayer": false,
            "BossDifficult": "normal",
            "BossEscortType": "assault",
            "BossEscortDifficult": "normal",
            "BossEscortAmount": "0",
            "Time": 50,
            "Supports": null,
            "TriggerId": "",
            "TriggerName": "",
            "Delay": 0,
            "RandomTimeSpawn": false
        },
        {
            "BossName": "assault",
            "BossChance": 80,
            "BossZone": "Zone_Containers",
            "BossPlayer": false,
            "BossDifficult": "normal",
            "BossEscortType": "assault",
            "BossEscortDifficult": "normal",
            "BossEscortAmount": "0,0,0,0,1",
            "Time": 210,
            "Supports": null,
            "TriggerId": "",
            "TriggerName": "",
            "Delay": 0,
            "RandomTimeSpawn": false
        },
        {
            "BossName": "assault",
            "BossChance": 70,
            "BossZone": "Zone_Containers",
            "BossPlayer": false,
            "BossDifficult": "normal",
            "BossEscortType": "assault",
            "BossEscortDifficult": "normal",
            "BossEscortAmount": "0,0,0,1,1",
            "Time": 815,
            "Supports": null,
            "TriggerId": "",
            "TriggerName": "",
            "Delay": 0,
            "RandomTimeSpawn": false
        },
        {
            "BossName": "assault",
            "BossChance": 80,
            "BossZone": "Zone_Containers",
            "BossPlayer": false,
            "BossDifficult": "normal",
            "BossEscortType": "assault",
            "BossEscortDifficult": "normal",
            "BossEscortAmount": "0,0,0,1,2",
            "Time": 1890,
            "Supports": null,
            "TriggerId": "",
            "TriggerName": "",
            "Delay": 0,
            "RandomTimeSpawn": false
        },
        {
            "BossName": "assault",
            "BossChance": 80,
            "BossZone": "Zone_Containers",
            "BossPlayer": false,
            "BossDifficult": "normal",
            "BossEscortType": "assault",
            "BossEscortDifficult": "normal",
            "BossEscortAmount": "0,0,1,2",
            "Time": 2590,
            "Supports": null,
            "TriggerId": "",
            "TriggerName": "",
            "Delay": 0,
            "RandomTimeSpawn": false
        },
        {
            "BossName": "assault",
            "BossChance": 100,
            "BossZone": "Zone_DestroyedHouse",
            "BossPlayer": false,
            "BossDifficult": "normal",
            "BossEscortType": "assault",
            "BossEscortDifficult": "normal",
            "BossEscortAmount": "0",
            "Time": 20,
            "Supports": null,
            "TriggerId": "",
            "TriggerName": "",
            "Delay": 0,
            "RandomTimeSpawn": false
        },
        {
            "BossName": "assault",
            "BossChance": 70,
            "BossZone": "Zone_DestroyedHouse",
            "BossPlayer": false,
            "BossDifficult": "normal",
            "BossEscortType": "assault",
            "BossEscortDifficult": "normal",
            "BossEscortAmount": "0,0,0,1,1",
            "Time": 190,
            "Supports": null,
            "TriggerId": "",
            "TriggerName": "",
            "Delay": 0,
            "RandomTimeSpawn": false
        },
        {
            "BossName": "assault",
            "BossChance": 80,
            "BossZone": "Zone_DestroyedHouse",
            "BossPlayer": false,
            "BossDifficult": "normal",
            "BossEscortType": "assault",
            "BossEscortDifficult": "normal",
            "BossEscortAmount": "0,0,0,0,1",
            "Time": 890,
            "Supports": null,
            "TriggerId": "",
            "TriggerName": "",
            "Delay": 0,
            "RandomTimeSpawn": false
        },
        {
            "BossName": "assault",
            "BossChance": 80,
            "BossZone": "Zone_DestroyedHouse",
            "BossPlayer": false,
            "BossDifficult": "normal",
            "BossEscortType": "assault",
            "BossEscortDifficult": "normal",
            "BossEscortAmount": "0,0,0,1,1",
            "Time": 1840,
            "Supports": null,
            "TriggerId": "",
            "TriggerName": "",
            "Delay": 0,
            "RandomTimeSpawn": false
        },
        {
            "BossName": "assault",
            "BossChance": 80,
            "BossZone": "Zone_DestroyedHouse",
            "BossPlayer": false,
            "BossDifficult": "normal",
            "BossEscortType": "assault",
            "BossEscortDifficult": "normal",
            "BossEscortAmount": "0,0,0,0,1",
            "Time": 2440,
            "Supports": null,
            "TriggerId": "",
            "TriggerName": "",
            "Delay": 0,
            "RandomTimeSpawn": false
        },
        {
            "BossName": "assault",
            "BossChance": 100,
            "BossZone": "Zone_LongRoad",
            "BossPlayer": false,
            "BossDifficult": "normal",
            "BossEscortType": "assault",
            "BossEscortDifficult": "normal",
            "BossEscortAmount": "0",
            "Time": 10,
            "Supports": null,
            "TriggerId": "",
            "TriggerName": "",
            "Delay": 0,
            "RandomTimeSpawn": false
        },
        {
            "BossName": "assault",
            "BossChance": 80,
            "BossZone": "Zone_LongRoad",
            "BossPlayer": false,
            "BossDifficult": "normal",
            "BossEscortType": "assault",
            "BossEscortDifficult": "normal",
            "BossEscortAmount": "0,0,0,0,1",
            "Time": 200,
            "Supports": null,
            "TriggerId": "",
            "TriggerName": "",
            "Delay": 0,
            "RandomTimeSpawn": false
        },
        {
            "BossName": "assault",
            "BossChance": 80,
            "BossZone": "Zone_LongRoad",
            "BossPlayer": false,
            "BossDifficult": "normal",
            "BossEscortType": "assault",
            "BossEscortDifficult": "normal",
            "BossEscortAmount": "0,0,0,1,1",
            "Time": 930,
            "Supports": null,
            "TriggerId": "",
            "TriggerName": "",
            "Delay": 0,
            "RandomTimeSpawn": false
        },
        {
            "BossName": "assault",
            "BossChance": 80,
            "BossZone": "Zone_LongRoad",
            "BossPlayer": false,
            "BossDifficult": "normal",
            "BossEscortType": "assault",
            "BossEscortDifficult": "normal",
            "BossEscortAmount": "0,0,0,0,1",
            "Time": 1820,
            "Supports": null,
            "TriggerId": "",
            "TriggerName": "",
            "Delay": 0,
            "RandomTimeSpawn": false
        },
        {
            "BossName": "assault",
            "BossChance": 80,
            "BossZone": "Zone_LongRoad",
            "BossPlayer": false,
            "BossDifficult": "normal",
            "BossEscortType": "assault",
            "BossEscortDifficult": "normal",
            "BossEscortAmount": "0,0,0,0,1",
            "Time": 2520,
            "Supports": null,
            "TriggerId": "",
            "TriggerName": "",
            "Delay": 0,
            "RandomTimeSpawn": false
        },
        {
            "BossName": "assault",
            "BossChance": 100,
            "BossZone": "Zone_OldHouse",
            "BossPlayer": false,
            "BossDifficult": "normal",
            "BossEscortType": "assault",
            "BossEscortDifficult": "normal",
            "BossEscortAmount": "0",
            "Time": 50,
            "Supports": null,
            "TriggerId": "",
            "TriggerName": "",
            "Delay": 0,
            "RandomTimeSpawn": false
        },
        {
            "BossName": "assault",
            "BossChance": 100,
            "BossZone": "Zone_OldHouse",
            "BossPlayer": false,
            "BossDifficult": "normal",
            "BossEscortType": "assault",
            "BossEscortDifficult": "normal",
            "BossEscortAmount": "0,0,0,0,1",
            "Time": 210,
            "Supports": null,
            "TriggerId": "",
            "TriggerName": "",
            "Delay": 0,
            "RandomTimeSpawn": false
        },
        {
            "BossName": "assault",
            "BossChance": 80,
            "BossZone": "Zone_OldHouse",
            "BossPlayer": false,
            "BossDifficult": "normal",
            "BossEscortType": "assault",
            "BossEscortDifficult": "normal",
            "BossEscortAmount": "0,0,0,0,1",
            "Time": 880,
            "Supports": null,
            "TriggerId": "",
            "TriggerName": "",
            "Delay": 0,
            "RandomTimeSpawn": false
        },
        {
            "BossName": "assault",
            "BossChance": 80,
            "BossZone": "Zone_OldHouse",
            "BossPlayer": false,
            "BossDifficult": "normal",
            "BossEscortType": "assault",
            "BossEscortDifficult": "normal",
            "BossEscortAmount": "0,0,0,1,1",
            "Time": 1910,
            "Supports": null,
            "TriggerId": "",
            "TriggerName": "",
            "Delay": 0,
            "RandomTimeSpawn": false
        },
        {
            "BossName": "assault",
            "BossChance": 80,
            "BossZone": "Zone_OldHouse",
            "BossPlayer": false,
            "BossDifficult": "normal",
            "BossEscortType": "assault",
            "BossEscortDifficult": "normal",
            "BossEscortAmount": "0,0,0,0,1",
            "Time": 2340,
            "Supports": null,
            "TriggerId": "",
            "TriggerName": "",
            "Delay": 0,
            "RandomTimeSpawn": false
        },
        {
            "BossName": "assault",
            "BossChance": 100,
            "BossZone": "Zone_Rocks",
            "BossPlayer": false,
            "BossDifficult": "normal",
            "BossEscortType": "assault",
            "BossEscortDifficult": "normal",
            "BossEscortAmount": "0",
            "Time": 40,
            "Supports": null,
            "TriggerId": "",
            "TriggerName": "",
            "Delay": 0,
            "RandomTimeSpawn": false
        },
        {
            "BossName": "assault",
            "BossChance": 90,
            "BossZone": "Zone_Rocks",
            "BossPlayer": false,
            "BossDifficult": "normal",
            "BossEscortType": "assault",
            "BossEscortDifficult": "normal",
            "BossEscortAmount": "0,0,0,0,1",
            "Time": 180,
            "Supports": null,
            "TriggerId": "",
            "TriggerName": "",
            "Delay": 0,
            "RandomTimeSpawn": false
        },
        {
            "BossName": "assault",
            "BossChance": 80,
            "BossZone": "Zone_Rocks",
            "BossPlayer": false,
            "BossDifficult": "normal",
            "BossEscortType": "assault",
            "BossEscortDifficult": "normal",
            "BossEscortAmount": "0,0,0,1,1",
            "Time": 860,
            "Supports": null,
            "TriggerId": "",
            "TriggerName": "",
            "Delay": 0,
            "RandomTimeSpawn": false
        },
        {
            "BossName": "assault",
            "BossChance": 80,
            "BossZone": "Zone_Rocks",
            "BossPlayer": false,
            "BossDifficult": "normal",
            "BossEscortType": "assault",
            "BossEscortDifficult": "normal",
            "BossEscortAmount": "0,0,0,0,1",
            "Time": 1750,
            "Supports": null,
            "TriggerId": "",
            "TriggerName": "",
            "Delay": 0,
            "RandomTimeSpawn": false
        },
        {
            "BossName": "assault",
            "BossChance": 80,
            "BossZone": "Zone_Rocks",
            "BossPlayer": false,
            "BossDifficult": "normal",
            "BossEscortType": "assault",
            "BossEscortDifficult": "normal",
            "BossEscortAmount": "0,0,1,1,1",
            "Time": 2550,
            "Supports": null,
            "TriggerId": "",
            "TriggerName": "",
            "Delay": 0,
            "RandomTimeSpawn": false
        },
        {
            "BossName": "assault",
            "BossChance": 70,
            "BossZone": "Zone_Village",
            "BossPlayer": false,
            "BossDifficult": "normal",
            "BossEscortType": "assault",
            "BossEscortDifficult": "normal",
            "BossEscortAmount": "0",
            "Time": 30,
            "Supports": null,
            "TriggerId": "",
            "TriggerName": "",
            "Delay": 0,
            "RandomTimeSpawn": false
        },
        {
            "BossName": "assault",
            "BossChance": 100,
            "BossZone": "Zone_Village",
            "BossPlayer": false,
            "BossDifficult": "normal",
            "BossEscortType": "assault",
            "BossEscortDifficult": "normal",
            "BossEscortAmount": "0,0,0,0,1",
            "Time": 220,
            "Supports": null,
            "TriggerId": "",
            "TriggerName": "",
            "Delay": 0,
            "RandomTimeSpawn": false
        },
        {
            "BossName": "assault",
            "BossChance": 80,
            "BossZone": "Zone_Village",
            "BossPlayer": false,
            "BossDifficult": "normal",
            "BossEscortType": "assault",
            "BossEscortDifficult": "normal",
            "BossEscortAmount": "0,0,0,1,1",
            "Time": 940,
            "Supports": null,
            "TriggerId": "",
            "TriggerName": "",
            "Delay": 0,
            "RandomTimeSpawn": false
        },
        {
            "BossName": "assault",
            "BossChance": 80,
            "BossZone": "Zone_Village",
            "BossPlayer": false,
            "BossDifficult": "normal",
            "BossEscortType": "assault",
            "BossEscortDifficult": "normal",
            "BossEscortAmount": "0,0,0,1,1",
            "Time": 1450,
            "Supports": null,
            "TriggerId": "",
            "TriggerName": "",
            "Delay": 0,
            "RandomTimeSpawn": false
        },
        {
            "BossName": "assault",
            "BossChance": 80,
            "BossZone": "Zone_Village",
            "BossPlayer": false,
            "BossDifficult": "normal",
            "BossEscortType": "assault",
            "BossEscortDifficult": "normal",
            "BossEscortAmount": "0,0,0,1,1",
            "Time": 2240,
            "Supports": null,
            "TriggerId": "",
            "TriggerName": "",
            "Delay": 0,
            "RandomTimeSpawn": false
        },
        {
            "BossName": "marksman",
            "BossChance": 80,
            "BossZone": "Zone_SniperPeak",
            "BossPlayer": false,
            "BossDifficult": "normal",
            "BossEscortType": "marksman",
            "BossEscortDifficult": "normal",
            "BossEscortAmount": "0",
            "Time": 550,
            "Supports": null,
            "TriggerId": "",
            "TriggerName": "",
            "Delay": 0,
            "RandomTimeSpawn": false
        },
        {
            "BossName": "marksman",
            "BossChance": 90,
            "BossZone": "Zone_SniperPeak",
            "BossPlayer": false,
            "BossDifficult": "normal",
            "BossEscortType": "marksman",
            "BossEscortDifficult": "normal",
            "BossEscortAmount": "0",
            "Time": 1750,
            "Supports": null,
            "TriggerId": "",
            "TriggerName": "",
            "Delay": 0,
            "RandomTimeSpawn": false
        }
    ]
}
