{
    "BossLocationSpawn": [
        {
            "BossName": "pmcBot",
            "BossChance": 30,
            "BossZone": "ZoneRailStrorage",
            "BossPlayer": false,
            "BossDifficult": "normal",
            "BossEscortType": "pmcBot",
            "BossEscortDifficult": "normal",
            "BossEscortAmount": "2,2,2,2,3",
            "Time": 1470,
            "Supports": null,
            "TriggerId": "",
            "TriggerName": "",
            "Delay": 0,
            "RandomTimeSpawn": false
        },
        {
            "BossName": "pmcBot",
            "BossChance": 30,
            "BossZone": "ZonePTOR1",
            "BossPlayer": false,
            "BossDifficult": "normal",
            "BossEscortType": "pmcBot",
            "BossEscortDifficult": "normal",
            "BossEscortAmount": "2,2,2,2,3",
            "Time": 735,
            "Supports": null,
            "TriggerId": "",
            "TriggerName": "",
            "Delay": 0,
            "RandomTimeSpawn": false
        },
        {
            "BossName": "pmcBot",
            "BossChance": 35,
            "BossZone": "ZoneRailStrorage",
            "BossPlayer": false,
            "BossDifficult": "normal",
            "BossEscortType": "pmcBot",
            "BossEscortDifficult": "normal",
            "BossEscortAmount": "2,2,2,2,3",
            "Time": 340,
            "Supports": null,
            "TriggerId": "autoId_00632_EXFIL",
            "TriggerName": "interactObject",
            "Delay": 0,
            "RandomTimeSpawn": false
        },
        {
            "BossName": "pmcBot",
            "BossChance": 25,
            "BossZone": "ZoneSubCommand",
            "BossPlayer": false,
            "BossDifficult": "normal",
            "BossEscortType": "pmcBot",
            "BossEscortDifficult": "normal",
            "BossEscortAmount": "2,2,2,2,3",
            "Time": -1,
            "Supports": null,
            "TriggerId": "autoId_00000_D2_LEVER",
            "TriggerName": "interactObject",
            "Delay": 0,
            "RandomTimeSpawn": false
        },
        {
            "BossName": "pmcBot",
            "BossChance": 35,
            "BossZone": "ZoneSubCommand",
            "BossPlayer": false,
            "BossDifficult": "normal",
            "BossEscortType": "pmcBot",
            "BossEscortDifficult": "normal",
            "BossEscortAmount": "2,2,2,2,3",
            "Time": 3,
            "Supports": null,
            "TriggerId": "raider_simple_patroling",
            "TriggerName": "interactObject",
            "Delay": 0,
            "RandomTimeSpawn": false
        },
        {
            "BossName": "pmcBot",
            "BossChance": 65,
            "BossZone": "ZoneSubCommand",
            "BossPlayer": false,
            "BossDifficult": "normal",
            "BossEscortType": "pmcBot",
            "BossEscortDifficult": "normal",
            "BossEscortAmount": "0,0,1,1,1,1,2",
            "Time": 1190,
            "Supports": null,
            "TriggerId": "",
            "TriggerName": "",
            "Delay": 0,
            "RandomTimeSpawn": false
        },
        {
            "BossName": "pmcBot",
            "BossChance": 65,
            "BossZone": "ZoneSubCommand",
            "BossPlayer": false,
            "BossDifficult": "normal",
            "BossEscortType": "pmcBot",
            "BossEscortDifficult": "normal",
            "BossEscortAmount": "0,0,1,1,1,1,2",
            "Time": 2290,
            "Supports": null,
            "TriggerId": "",
            "TriggerName": "",
            "Delay": 0,
            "RandomTimeSpawn": false
        },
        {
            "BossName": "sptBear",
            "BossChance": 75,
            "BossZone": "ZoneBarrack",
            "BossPlayer": false,
            "BossDifficult": "normal",
            "BossEscortType": "sptBear",
            "BossEscortDifficult": "normal",
            "BossEscortAmount": "0,0,0,1",
            "Time": 420,
            "Supports": null,
            "TriggerId": "",
            "TriggerName": "",
            "Delay": 0,
            "RandomTimeSpawn": false
        },
        {
            "BossName": "sptUsec",
            "BossChance": 75,
            "BossZone": "ZoneBarrack",
            "BossPlayer": false,
            "BossDifficult": "normal",
            "BossEscortType": "sptUsec",
            "BossEscortDifficult": "normal",
            "BossEscortAmount": "0,0,0,1",
            "Time": 1140,
            "Supports": null,
            "TriggerId": "",
            "TriggerName": "",
            "Delay": 0,
            "RandomTimeSpawn": false
        },
        {
            "BossName": "sptBear",
            "BossChance": 75,
            "BossZone": "ZoneBarrack",
            "BossPlayer": false,
            "BossDifficult": "normal",
            "BossEscortType": "sptUsec",
            "BossEscortDifficult": "normal",
            "BossEscortAmount": "1,1,1,1,2",
            "Time": 1890,
            "Supports": null,
            "TriggerId": "",
            "TriggerName": "",
            "Delay": 0,
            "RandomTimeSpawn": false
        },
        {
            "BossName": "sptUsec",
            "BossChance": 75,
            "BossZone": "ZoneBunkerStorage",
            "BossPlayer": false,
            "BossDifficult": "normal",
            "BossEscortType": "sptUsec",
            "BossEscortDifficult": "normal",
            "BossEscortAmount": "0,0,0,0,0,1",
            "Time": 660,
            "Supports": null,
            "TriggerId": "",
            "TriggerName": "",
            "Delay": 0,
            "RandomTimeSpawn": false
        },
        {
            "BossName": "sptBear",
            "BossChance": 75,
            "BossZone": "ZoneBunkerStorage",
            "BossPlayer": false,
            "BossDifficult": "normal",
            "BossEscortType": "sptBear",
            "BossEscortDifficult": "normal",
            "BossEscortAmount": "0,0,0,0,0,1",
            "Time": 1440,
            "Supports": null,
            "TriggerId": "",
            "TriggerName": "",
            "Delay": 0,
            "RandomTimeSpawn": false
        },
        {
            "BossName": "sptUsec",
            "BossChance": 75,
            "BossZone": "ZoneBunkerStorage",
            "BossPlayer": false,
            "BossDifficult": "normal",
            "BossEscortType": "sptBear",
            "BossEscortDifficult": "normal",
            "BossEscortAmount": "1,1,1,1,2",
            "Time": 2290,
            "Supports": null,
            "TriggerId": "",
            "TriggerName": "",
            "Delay": 0,
            "RandomTimeSpawn": false
        },
        {
            "BossName": "sptBear",
            "BossChance": 75,
            "BossZone": "ZonePTOR1",
            "BossPlayer": false,
            "BossDifficult": "normal",
            "BossEscortType": "sptBear",
            "BossEscortDifficult": "normal",
            "BossEscortAmount": "0,0,0,1",
            "Time": 440,
            "Supports": null,
            "TriggerId": "",
            "TriggerName": "",
            "Delay": 0,
            "RandomTimeSpawn": false
        },
        {
            "BossName": "sptUsec",
            "BossChance": 75,
            "BossZone": "ZonePTOR1",
            "BossPlayer": false,
            "BossDifficult": "normal",
            "BossEscortType": "sptUsec",
            "BossEscortDifficult": "normal",
            "BossEscortAmount": "0,0,0,0,0,1",
            "Time": 1300,
            "Supports": null,
            "TriggerId": "",
            "TriggerName": "",
            "Delay": 0,
            "RandomTimeSpawn": false
        },
        {
            "BossName": "sptBear",
            "BossChance": 75,
            "BossZone": "ZonePTOR1",
            "BossPlayer": false,
            "BossDifficult": "normal",
            "BossEscortType": "sptUsec",
            "BossEscortDifficult": "normal",
            "BossEscortAmount": "1,1,1,1,2",
            "Time": 1890,
            "Supports": null,
            "TriggerId": "",
            "TriggerName": "",
            "Delay": 0,
            "RandomTimeSpawn": false
        },
        {
            "BossName": "sptUsec",
            "BossChance": 75,
            "BossZone": "ZonePTOR2",
            "BossPlayer": false,
            "BossDifficult": "normal",
            "BossEscortType": "sptUsec",
            "BossEscortDifficult": "normal",
            "BossEscortAmount": "0,0,0,0,0,1",
            "Time": 540,
            "Supports": null,
            "TriggerId": "",
            "TriggerName": "",
            "Delay": 0,
            "RandomTimeSpawn": false
        },
        {
            "BossName": "sptBear",
            "BossChance": 75,
            "BossZone": "ZonePTOR2",
            "BossPlayer": false,
            "BossDifficult": "normal",
            "BossEscortType": "sptBear",
            "BossEscortDifficult": "normal",
            "BossEscortAmount": "0,0,0,1",
            "Time": 1100,
            "Supports": null,
            "TriggerId": "",
            "TriggerName": "",
            "Delay": 0,
            "RandomTimeSpawn": false
        },
        {
            "BossName": "sptUsec",
            "BossChance": 75,
            "BossZone": "ZonePTOR2",
            "BossPlayer": false,
            "BossDifficult": "normal",
            "BossEscortType": "sptBear",
            "BossEscortDifficult": "normal",
            "BossEscortAmount": "1,1,1,1,2",
            "Time": 1740,
            "Supports": null,
            "TriggerId": "",
            "TriggerName": "",
            "Delay": 0,
            "RandomTimeSpawn": false
        },
        {
            "BossName": "sptBear",
            "BossChance": 75,
            "BossZone": "ZoneRailStrorage",
            "BossPlayer": false,
            "BossDifficult": "normal",
            "BossEscortType": "sptBear",
            "BossEscortDifficult": "normal",
            "BossEscortAmount": "0,0,0,0,0,1",
            "Time": 390,
            "Supports": null,
            "TriggerId": "",
            "TriggerName": "",
            "Delay": 0,
            "RandomTimeSpawn": false
        },
        {
            "BossName": "sptUsec",
            "BossChance": 75,
            "BossZone": "ZoneRailStrorage",
            "BossPlayer": false,
            "BossDifficult": "normal",
            "BossEscortType": "sptUsec",
            "BossEscortDifficult": "normal",
            "BossEscortAmount": "0,0,0,0,0,1",
            "Time": 1220,
            "Supports": null,
            "TriggerId": "",
            "TriggerName": "",
            "Delay": 0,
            "RandomTimeSpawn": false
        },
        {
            "BossName": "sptBear",
            "BossChance": 75,
            "BossZone": "ZoneRailStrorage",
            "BossPlayer": false,
            "BossDifficult": "normal",
            "BossEscortType": "sptUsec",
            "BossEscortDifficult": "normal",
            "BossEscortAmount": "1,1,1,1,2",
            "Time": 2120,
            "Supports": null,
            "TriggerId": "",
            "TriggerName": "",
            "Delay": 0,
            "RandomTimeSpawn": false
        },
        {
            "BossName": "sptUsec",
            "BossChance": 75,
            "BossZone": "ZoneSubStorage",
            "BossPlayer": false,
            "BossDifficult": "normal",
            "BossEscortType": "sptUsec",
            "BossEscortDifficult": "normal",
            "BossEscortAmount": "0,0,0,0,0,1",
            "Time": 360,
            "Supports": null,
            "TriggerId": "",
            "TriggerName": "",
            "Delay": 0,
            "RandomTimeSpawn": false
        },
        {
            "BossName": "sptBear",
            "BossChance": 75,
            "BossZone": "ZoneSubStorage",
            "BossPlayer": false,
            "BossDifficult": "normal",
            "BossEscortType": "sptBear",
            "BossEscortDifficult": "normal",
            "BossEscortAmount": "0,0,0,0,0,1",
            "Time": 1330,
            "Supports": null,
            "TriggerId": "",
            "TriggerName": "",
            "Delay": 0,
            "RandomTimeSpawn": false
        },
        {
            "BossName": "sptUsec",
            "BossChance": 75,
            "BossZone": "ZoneSubStorage",
            "BossPlayer": false,
            "BossDifficult": "normal",
            "BossEscortType": "sptBear",
            "BossEscortDifficult": "normal",
            "BossEscortAmount": "1,1,1,1,2",
            "Time": 1950,
            "Supports": null,
            "TriggerId": "",
            "TriggerName": "",
            "Delay": 0,
            "RandomTimeSpawn": false
        },
        {
            "BossName": "sptBear",
            "BossChance": 75,
            "BossZone": "ZoneSubCommand",
            "BossPlayer": false,
            "BossDifficult": "normal",
            "BossEscortType": "sptBear",
            "BossEscortDifficult": "normal",
            "BossEscortAmount": "0,0,0,1",
            "Time": 220,
            "Supports": null,
            "TriggerId": "",
            "TriggerName": "",
            "Delay": 0,
            "RandomTimeSpawn": false
        },
        {
            "BossName": "sptUsec",
            "BossChance": 75,
            "BossZone": "ZoneSubCommand",
            "BossPlayer": false,
            "BossDifficult": "normal",
            "BossEscortType": "sptUsec",
            "BossEscortDifficult": "normal",
            "BossEscortAmount": "0,0,0,1",
            "Time": 670,
            "Supports": null,
            "TriggerId": "",
            "TriggerName": "",
            "Delay": 0,
            "RandomTimeSpawn": false
        },
        {
            "BossName": "sptBear",
            "BossChance": 75,
            "BossZone": "ZoneSubCommand",
            "BossPlayer": false,
            "BossDifficult": "normal",
            "BossEscortType": "sptBear",
            "BossEscortDifficult": "normal",
            "BossEscortAmount": "0,0,0,0,0,1",
            "Time": 1270,
            "Supports": null,
            "TriggerId": "",
            "TriggerName": "",
            "Delay": 0,
            "RandomTimeSpawn": false
        },
        {
            "BossName": "sptUsec",
            "BossChance": 75,
            "BossZone": "ZoneSubCommand",
            "BossPlayer": false,
            "BossDifficult": "normal",
            "BossEscortType": "sptBear",
            "BossEscortDifficult": "normal",
            "BossEscortAmount": "1,1,1,1,2",
            "Time": 1970,
            "Supports": null,
            "TriggerId": "",
            "TriggerName": "",
            "Delay": 0,
            "RandomTimeSpawn": false
        },
        {
            "BossName": "assault",
            "BossChance": 100,
            "BossZone": "ZoneBarrack",
            "BossPlayer": false,
            "BossDifficult": "normal",
            "BossEscortType": "assault",
            "BossEscortDifficult": "normal",
            "BossEscortAmount": "1,2,2,2,3",
            "Time": 110,
            "Supports": null,
            "TriggerId": "",
            "TriggerName": "",
            "Delay": 0,
            "RandomTimeSpawn": false
        },
        {
            "BossName": "assault",
            "BossChance": 90,
            "BossZone": "ZoneBarrack",
            "BossPlayer": false,
            "BossDifficult": "normal",
            "BossEscortType": "assault",
            "BossEscortDifficult": "normal",
            "BossEscortAmount": "0,1,1,2,3",
            "Time": 815,
            "Supports": null,
            "TriggerId": "",
            "TriggerName": "",
            "Delay": 0,
            "RandomTimeSpawn": false
        },
        {
            "BossName": "assault",
            "BossChance": 80,
            "BossZone": "ZoneBarrack",
            "BossPlayer": false,
            "BossDifficult": "normal",
            "BossEscortType": "assault",
            "BossEscortDifficult": "normal",
            "BossEscortAmount": "1,1,1,2,2",
            "Time": 1470,
            "Supports": null,
            "TriggerId": "",
            "TriggerName": "",
            "Delay": 0,
            "RandomTimeSpawn": false
        },
        {
            "BossName": "assault",
            "BossChance": 90,
            "BossZone": "ZoneBarrack",
            "BossPlayer": false,
            "BossDifficult": "normal",
            "BossEscortType": "assault",
            "BossEscortDifficult": "normal",
            "BossEscortAmount": "1,2,2,2,3",
            "Time": 2315,
            "Supports": null,
            "TriggerId": "",
            "TriggerName": "",
            "Delay": 0,
            "RandomTimeSpawn": false
        },
        {
            "BossName": "assault",
            "BossChance": 90,
            "BossZone": "ZoneBunkerStorage",
            "BossPlayer": false,
            "BossDifficult": "normal",
            "BossEscortType": "assault",
            "BossEscortDifficult": "normal",
            "BossEscortAmount": "0,0,0,1,1",
            "Time": 280,
            "Supports": null,
            "TriggerId": "",
            "TriggerName": "",
            "Delay": 0,
            "RandomTimeSpawn": false
        },
        {
            "BossName": "assault",
            "BossChance": 80,
            "BossZone": "ZoneBunkerStorage",
            "BossPlayer": false,
            "BossDifficult": "normal",
            "BossEscortType": "assault",
            "BossEscortDifficult": "normal",
            "BossEscortAmount": "0,0,0,1,1",
            "Time": 1100,
            "Supports": null,
            "TriggerId": "",
            "TriggerName": "",
            "Delay": 0,
            "RandomTimeSpawn": false
        },
        {
            "BossName": "assault",
            "BossChance": 90,
            "BossZone": "ZoneBunkerStorage",
            "BossPlayer": false,
            "BossDifficult": "normal",
            "BossEscortType": "assault",
            "BossEscortDifficult": "normal",
            "BossEscortAmount": "0,0,0,1,1",
            "Time": 1790,
            "Supports": null,
            "TriggerId": "",
            "TriggerName": "",
            "Delay": 0,
            "RandomTimeSpawn": false
        },
        {
            "BossName": "assault",
            "BossChance": 90,
            "BossZone": "ZoneBunkerStorage",
            "BossPlayer": false,
            "BossDifficult": "normal",
            "BossEscortType": "assault",
            "BossEscortDifficult": "normal",
            "BossEscortAmount": "0,0,0,1,1",
            "Time": 2380,
            "Supports": null,
            "TriggerId": "",
            "TriggerName": "",
            "Delay": 0,
            "RandomTimeSpawn": false
        },
        {
            "BossName": "assault",
            "BossChance": 100,
            "BossZone": "ZonePTOR1",
            "BossPlayer": false,
            "BossDifficult": "normal",
            "BossEscortType": "assault",
            "BossEscortDifficult": "normal",
            "BossEscortAmount": "0,0,1,1,1",
            "Time": 90,
            "Supports": null,
            "TriggerId": "",
            "TriggerName": "",
            "Delay": 0,
            "RandomTimeSpawn": false
        },
        {
            "BossName": "assault",
            "BossChance": 90,
            "BossZone": "ZonePTOR1",
            "BossPlayer": false,
            "BossDifficult": "normal",
            "BossEscortType": "assault",
            "BossEscortDifficult": "normal",
            "BossEscortAmount": "0,0,1,1,1",
            "Time": 915,
            "Supports": null,
            "TriggerId": "",
            "TriggerName": "",
            "Delay": 0,
            "RandomTimeSpawn": false
        },
        {
            "BossName": "assault",
            "BossChance": 80,
            "BossZone": "ZonePTOR1",
            "BossPlayer": false,
            "BossDifficult": "normal",
            "BossEscortType": "assault",
            "BossEscortDifficult": "normal",
            "BossEscortAmount": "0,0,0,1,1",
            "Time": 1530,
            "Supports": null,
            "TriggerId": "",
            "TriggerName": "",
            "Delay": 0,
            "RandomTimeSpawn": false
        },
        {
            "BossName": "assault",
            "BossChance": 90,
            "BossZone": "ZonePTOR1",
            "BossPlayer": false,
            "BossDifficult": "normal",
            "BossEscortType": "assault",
            "BossEscortDifficult": "normal",
            "BossEscortAmount": "0,0,0,1,1",
            "Time": 2150,
            "Supports": null,
            "TriggerId": "",
            "TriggerName": "",
            "Delay": 0,
            "RandomTimeSpawn": false
        },
        {
            "BossName": "assault",
            "BossChance": 100,
            "BossZone": "ZonePTOR2",
            "BossPlayer": false,
            "BossDifficult": "normal",
            "BossEscortType": "assault",
            "BossEscortDifficult": "normal",
            "BossEscortAmount": "0,0,1,1,1",
            "Time": 90,
            "Supports": null,
            "TriggerId": "",
            "TriggerName": "",
            "Delay": 0,
            "RandomTimeSpawn": false
        },
        {
            "BossName": "assault",
            "BossChance": 80,
            "BossZone": "ZonePTOR2",
            "BossPlayer": false,
            "BossDifficult": "normal",
            "BossEscortType": "assault",
            "BossEscortDifficult": "normal",
            "BossEscortAmount": "0,0,0,0,1",
            "Time": 880,
            "Supports": null,
            "TriggerId": "",
            "TriggerName": "",
            "Delay": 0,
            "RandomTimeSpawn": false
        },
        {
            "BossName": "assault",
            "BossChance": 90,
            "BossZone": "ZonePTOR2",
            "BossPlayer": false,
            "BossDifficult": "normal",
            "BossEscortType": "assault",
            "BossEscortDifficult": "normal",
            "BossEscortAmount": "0,0,0,0,1",
            "Time": 1390,
            "Supports": null,
            "TriggerId": "",
            "TriggerName": "",
            "Delay": 0,
            "RandomTimeSpawn": false
        },
        {
            "BossName": "assault",
            "BossChance": 90,
            "BossZone": "ZonePTOR2",
            "BossPlayer": false,
            "BossDifficult": "normal",
            "BossEscortType": "assault",
            "BossEscortDifficult": "normal",
            "BossEscortAmount": "0,0,1,1,2",
            "Time": 2290,
            "Supports": null,
            "TriggerId": "",
            "TriggerName": "",
            "Delay": 0,
            "RandomTimeSpawn": false
        },
        {
            "BossName": "assault",
            "BossChance": 90,
            "BossZone": "ZoneRailStrorage",
            "BossPlayer": false,
            "BossDifficult": "normal",
            "BossEscortType": "assault",
            "BossEscortDifficult": "normal",
            "BossEscortAmount": "0,0,0,1,1",
            "Time": 120,
            "Supports": null,
            "TriggerId": "",
            "TriggerName": "",
            "Delay": 0,
            "RandomTimeSpawn": false
        },
        {
            "BossName": "assault",
            "BossChance": 90,
            "BossZone": "ZoneRailStrorage",
            "BossPlayer": false,
            "BossDifficult": "normal",
            "BossEscortType": "assault",
            "BossEscortDifficult": "normal",
            "BossEscortAmount": "0,0,0,1,1",
            "Time": 1010,
            "Supports": null,
            "TriggerId": "",
            "TriggerName": "",
            "Delay": 0,
            "RandomTimeSpawn": false
        },
        {
            "BossName": "assault",
            "BossChance": 80,
            "BossZone": "ZoneRailStrorage",
            "BossPlayer": false,
            "BossDifficult": "normal",
            "BossEscortType": "assault",
            "BossEscortDifficult": "normal",
            "BossEscortAmount": "0,0,0,1,2",
            "Time": 1580,
            "Supports": null,
            "TriggerId": "",
            "TriggerName": "",
            "Delay": 0,
            "RandomTimeSpawn": false
        },
        {
            "BossName": "assault",
            "BossChance": 90,
            "BossZone": "ZoneRailStrorage",
            "BossPlayer": false,
            "BossDifficult": "normal",
            "BossEscortType": "assault",
            "BossEscortDifficult": "normal",
            "BossEscortAmount": "0,0,0,0,1",
            "Time": 2420,
            "Supports": null,
            "TriggerId": "",
            "TriggerName": "",
            "Delay": 0,
            "RandomTimeSpawn": false
        },
        {
            "BossName": "assault",
            "BossChance": 100,
            "BossZone": "ZoneSubStorage",
            "BossPlayer": false,
            "BossDifficult": "normal",
            "BossEscortType": "assault",
            "BossEscortDifficult": "normal",
            "BossEscortAmount": "0,1,1,2,2",
            "Time": 110,
            "Supports": null,
            "TriggerId": "",
            "TriggerName": "",
            "Delay": 0,
            "RandomTimeSpawn": false
        },
        {
            "BossName": "assault",
            "BossChance": 80,
            "BossZone": "ZoneSubStorage",
            "BossPlayer": false,
            "BossDifficult": "normal",
            "BossEscortType": "assault",
            "BossEscortDifficult": "normal",
            "BossEscortAmount": "0,0,0,1,2",
            "Time": 870,
            "Supports": null,
            "TriggerId": "",
            "TriggerName": "",
            "Delay": 0,
            "RandomTimeSpawn": false
        },
        {
            "BossName": "assault",
            "BossChance": 90,
            "BossZone": "ZoneSubStorage",
            "BossPlayer": false,
            "BossDifficult": "normal",
            "BossEscortType": "assault",
            "BossEscortDifficult": "normal",
            "BossEscortAmount": "0,0,0,1,1",
            "Time": 1650,
            "Supports": null,
            "TriggerId": "",
            "TriggerName": "",
            "Delay": 0,
            "RandomTimeSpawn": false
        },
        {
            "BossName": "assault",
            "BossChance": 90,
            "BossZone": "ZoneSubStorage",
            "BossPlayer": false,
            "BossDifficult": "normal",
            "BossEscortType": "assault",
            "BossEscortDifficult": "normal",
            "BossEscortAmount": "0,0,0,1,1",
            "Time": 2450,
            "Supports": null,
            "TriggerId": "",
            "TriggerName": "",
            "Delay": 0,
            "RandomTimeSpawn": false
        }
    ]
}
