{
    "BossLocationSpawn": [
        {
            "BossName": "sectantPriest",
            "BossChance": 15,
            "BossZone": "ZoneForestGasStation,ZoneForestSpawn",
            "BossPlayer": false,
            "BossDifficult": "normal",
            "BossEscortType": "sectantWarrior",
            "BossEscortDifficult": "normal",
            "BossEscortAmount": "3",
            "Time": -1,
            "Supports": null,
            "TriggerId": "",
            "TriggerName": "",
            "Delay": 0,
            "RandomTimeSpawn": false
        },
        {
            "BossName": "sectantPriest",
            "BossChance": 10,
            "BossZone": "ZoneSanatorium1,ZoneSanatorium2",
            "BossPlayer": false,
            "BossDifficult": "normal",
            "BossEscortType": "sectantWarrior",
            "BossEscortDifficult": "normal",
            "BossEscortAmount": "4",
            "Time": -1,
            "Supports": null,
            "TriggerId": "",
            "TriggerName": "",
            "Delay": 0,
            "RandomTimeSpawn": false
        },
        {
            "BossName": "sptBear",
            "BossChance": 60,
            "BossZone": "ZoneBunker,ZoneIsland",
            "BossPlayer": false,
            "BossDifficult": "normal",
            "BossEscortType": "sptBear",
            "BossEscortDifficult": "normal",
            "BossEscortAmount": "0,0,0,0,0,0,0,0,0,1",
            "Time": 420,
            "Supports": null,
            "TriggerId": "",
            "TriggerName": "",
            "Delay": 0,
            "RandomTimeSpawn": false
        },
        {
            "BossName": "sptUsec",
            "BossChance": 65,
            "BossZone": "ZoneBunker,ZoneIsland",
            "BossPlayer": false,
            "BossDifficult": "normal",
            "BossEscortType": "sptUsec",
            "BossEscortDifficult": "normal",
            "BossEscortAmount": "0,0,0,0,0,0,0,0,0,1",
            "Time": 940,
            "Supports": null,
            "TriggerId": "",
            "TriggerName": "",
            "Delay": 0,
            "RandomTimeSpawn": false
        },
        {
            "BossName": "sptUsec",
            "BossChance": 60,
            "BossZone": "ZoneIsland",
            "BossPlayer": false,
            "BossDifficult": "normal",
            "BossEscortType": "sptUsec",
            "BossEscortDifficult": "normal",
            "BossEscortAmount": "0,0,0,0,0,0,0,0,0,1",
            "Time": 1310,
            "Supports": null,
            "TriggerId": "",
            "TriggerName": "",
            "Delay": 0,
            "RandomTimeSpawn": false
        },
        {
            "BossName": "sptUsec",
            "BossChance": 65,
            "BossZone": "ZoneBunker",
            "BossPlayer": false,
            "BossDifficult": "normal",
            "BossEscortType": "sptBear",
            "BossEscortDifficult": "normal",
            "BossEscortAmount": "1",
            "Time": 2290,
            "Supports": null,
            "TriggerId": "",
            "TriggerName": "",
            "Delay": 0,
            "RandomTimeSpawn": false
        },
        {
            "BossName": "sptBear",
            "BossChance": 60,
            "BossZone": "ZoneTunnel",
            "BossPlayer": false,
            "BossDifficult": "normal",
            "BossEscortType": "sptBear",
            "BossEscortDifficult": "normal",
            "BossEscortAmount": "0,0,0,0,0,0,0,0,0,1",
            "Time": 690,
            "Supports": null,
            "TriggerId": "",
            "TriggerName": "",
            "Delay": 0,
            "RandomTimeSpawn": false
        },
        {
            "BossName": "sptUsec",
            "BossChance": 65,
            "BossZone": "ZoneTunnel",
            "BossPlayer": false,
            "BossDifficult": "normal",
            "BossEscortType": "sptUsec",
            "BossEscortDifficult": "normal",
            "BossEscortAmount": "0,0,0,0,0,0,0,0,0,1",
            "Time": 1140,
            "Supports": null,
            "TriggerId": "",
            "TriggerName": "",
            "Delay": 0,
            "RandomTimeSpawn": false
        },
        {
            "BossName": "sptUsec",
            "BossChance": 60,
            "BossZone": "ZoneTunnel",
            "BossPlayer": false,
            "BossDifficult": "normal",
            "BossEscortType": "sptBear",
            "BossEscortDifficult": "normal",
            "BossEscortAmount": "0,1",
            "Time": 2290,
            "Supports": null,
            "TriggerId": "",
            "TriggerName": "",
            "Delay": 0,
            "RandomTimeSpawn": false
        },
        {
            "BossName": "sptUsec",
            "BossChance": 60,
            "BossZone": "ZonePassClose,ZonePassFar",
            "BossPlayer": false,
            "BossDifficult": "normal",
            "BossEscortType": "sptUsec",
            "BossEscortDifficult": "normal",
            "BossEscortAmount": "0,0,0,0,1",
            "Time": 560,
            "Supports": null,
            "TriggerId": "",
            "TriggerName": "",
            "Delay": 0,
            "RandomTimeSpawn": false
        },
        {
            "BossName": "sptBear",
            "BossChance": 65,
            "BossZone": "ZonePassClose,ZonePassFar",
            "BossPlayer": false,
            "BossDifficult": "normal",
            "BossEscortType": "sptBear",
            "BossEscortDifficult": "normal",
            "BossEscortAmount": "0,0,0,0,1",
            "Time": 1340,
            "Supports": null,
            "TriggerId": "",
            "TriggerName": "",
            "Delay": 0,
            "RandomTimeSpawn": false
        },
        {
            "BossName": "sptUsec",
            "BossChance": 60,
            "BossZone": "ZonePassClose,ZonePassFar",
            "BossPlayer": false,
            "BossDifficult": "normal",
            "BossEscortType": "sptUsec",
            "BossEscortDifficult": "normal",
            "BossEscortAmount": "0,0,0,0,1",
            "Time": 2130,
            "Supports": null,
            "TriggerId": "",
            "TriggerName": "",
            "Delay": 0,
            "RandomTimeSpawn": false
        },
        {
            "BossName": "sptUsec",
            "BossChance": 75,
            "BossZone": "ZoneStartVillage",
            "BossPlayer": false,
            "BossDifficult": "normal",
            "BossEscortType": "sptUsec",
            "BossEscortDifficult": "normal",
            "BossEscortAmount": "0,0,0,0,1",
            "Time": 390,
            "Supports": null,
            "TriggerId": "",
            "TriggerName": "",
            "Delay": 0,
            "RandomTimeSpawn": false
        },
        {
            "BossName": "sptBear",
            "BossChance": 60,
            "BossZone": "ZoneStartVillage",
            "BossPlayer": false,
            "BossDifficult": "normal",
            "BossEscortType": "sptBear",
            "BossEscortDifficult": "normal",
            "BossEscortAmount": "0,0,0,0,1",
            "Time": 990,
            "Supports": null,
            "TriggerId": "",
            "TriggerName": "",
            "Delay": 0,
            "RandomTimeSpawn": false
        },
        {
            "BossName": "sptUsec",
            "BossChance": 65,
            "BossZone": "ZoneStartVillage",
            "BossPlayer": false,
            "BossDifficult": "normal",
            "BossEscortType": "sptBear",
            "BossEscortDifficult": "normal",
            "BossEscortAmount": "1",
            "Time": 2100,
            "Supports": null,
            "TriggerId": "",
            "TriggerName": "",
            "Delay": 0,
            "RandomTimeSpawn": false
        },
        {
            "BossName": "sptBear",
            "BossChance": 65,
            "BossZone": "ZoneGreenHouses",
            "BossPlayer": false,
            "BossDifficult": "normal",
            "BossEscortType": "sptBear",
            "BossEscortDifficult": "normal",
            "BossEscortAmount": "0,0,0,0,1",
            "Time": 450,
            "Supports": null,
            "TriggerId": "",
            "TriggerName": "",
            "Delay": 0,
            "RandomTimeSpawn": false
        },
        {
            "BossName": "sptUsec",
            "BossChance": 75,
            "BossZone": "ZoneGreenHouses",
            "BossPlayer": false,
            "BossDifficult": "normal",
            "BossEscortType": "sptUsec",
            "BossEscortDifficult": "normal",
            "BossEscortAmount": "0,0,0,0,1",
            "Time": 1180,
            "Supports": null,
            "TriggerId": "",
            "TriggerName": "",
            "Delay": 0,
            "RandomTimeSpawn": false
        },
        {
            "BossName": "sptBear",
            "BossChance": 60,
            "BossZone": "ZoneGreenHouses",
            "BossPlayer": false,
            "BossDifficult": "normal",
            "BossEscortType": "sptBear",
            "BossEscortDifficult": "normal",
            "BossEscortAmount": "0,0,0,0,1",
            "Time": 2340,
            "Supports": null,
            "TriggerId": "",
            "TriggerName": "",
            "Delay": 0,
            "RandomTimeSpawn": false
        },
        {
            "BossName": "sptUsec",
            "BossChance": 60,
            "BossZone": "ZoneRailWays",
            "BossPlayer": false,
            "BossDifficult": "normal",
            "BossEscortType": "sptUsec",
            "BossEscortDifficult": "normal",
            "BossEscortAmount": "0,0,0,0,1",
            "Time": 380,
            "Supports": null,
            "TriggerId": "",
            "TriggerName": "",
            "Delay": 0,
            "RandomTimeSpawn": false
        },
        {
            "BossName": "sptBear",
            "BossChance": 65,
            "BossZone": "ZoneRailWays",
            "BossPlayer": false,
            "BossDifficult": "normal",
            "BossEscortType": "sptBear",
            "BossEscortDifficult": "normal",
            "BossEscortAmount": "0,0,0,0,1",
            "Time": 1380,
            "Supports": null,
            "TriggerId": "",
            "TriggerName": "",
            "Delay": 0,
            "RandomTimeSpawn": false
        },
        {
            "BossName": "sptUsec",
            "BossChance": 65,
            "BossZone": "ZoneRailWays",
            "BossPlayer": false,
            "BossDifficult": "normal",
            "BossEscortType": "sptBear",
            "BossEscortDifficult": "normal",
            "BossEscortAmount": "0,1",
            "Time": 2320,
            "Supports": null,
            "TriggerId": "",
            "TriggerName": "",
            "Delay": 0,
            "RandomTimeSpawn": false
        },
        {
            "BossName": "sptBear",
            "BossChance": 70,
            "BossZone": "ZoneSanatorium1",
            "BossPlayer": false,
            "BossDifficult": "normal",
            "BossEscortType": "sptBear",
            "BossEscortDifficult": "normal",
            "BossEscortAmount": "0,0,0,0,1",
            "Time": 230,
            "Supports": null,
            "TriggerId": "",
            "TriggerName": "",
            "Delay": 0,
            "RandomTimeSpawn": false
        },
        {
            "BossName": "sptUsec",
            "BossChance": 65,
            "BossZone": "ZoneSanatorium1",
            "BossPlayer": false,
            "BossDifficult": "normal",
            "BossEscortType": "sptUsec",
            "BossEscortDifficult": "normal",
            "BossEscortAmount": "0,0,0,0,1,2",
            "Time": 670,
            "Supports": null,
            "TriggerId": "",
            "TriggerName": "",
            "Delay": 0,
            "RandomTimeSpawn": false
        },
        {
            "BossName": "sptBear",
            "BossChance": 70,
            "BossZone": "ZoneSanatorium1",
            "BossPlayer": false,
            "BossDifficult": "normal",
            "BossEscortType": "sptBear",
            "BossEscortDifficult": "normal",
            "BossEscortAmount": "0,0,0,0,1",
            "Time": 1120,
            "Supports": null,
            "TriggerId": "",
            "TriggerName": "",
            "Delay": 0,
            "RandomTimeSpawn": false
        },
        {
            "BossName": "sptUsec",
            "BossChance": 70,
            "BossZone": "ZoneSanatorium1",
            "BossPlayer": false,
            "BossDifficult": "normal",
            "BossEscortType": "sptBear",
            "BossEscortDifficult": "normal",
            "BossEscortAmount": "0,1",
            "Time": 1780,
            "Supports": null,
            "TriggerId": "",
            "TriggerName": "",
            "Delay": 0,
            "RandomTimeSpawn": false
        },
        {
            "BossName": "sptUsec",
            "BossChance": 65,
            "BossZone": "ZoneSanatorium2",
            "BossPlayer": false,
            "BossDifficult": "normal",
            "BossEscortType": "sptUsec",
            "BossEscortDifficult": "normal",
            "BossEscortAmount": "0,0,0,0,1,2",
            "Time": 310,
            "Supports": null,
            "TriggerId": "",
            "TriggerName": "",
            "Delay": 0,
            "RandomTimeSpawn": false
        },
        {
            "BossName": "sptBear",
            "BossChance": 70,
            "BossZone": "ZoneSanatorium2",
            "BossPlayer": false,
            "BossDifficult": "normal",
            "BossEscortType": "sptBear",
            "BossEscortDifficult": "normal",
            "BossEscortAmount": "0,0,0,0,1,2",
            "Time": 910,
            "Supports": null,
            "TriggerId": "",
            "TriggerName": "",
            "Delay": 0,
            "RandomTimeSpawn": false
        },
        {
            "BossName": "sptUsec",
            "BossChance": 65,
            "BossZone": "ZoneSanatorium2",
            "BossPlayer": false,
            "BossDifficult": "normal",
            "BossEscortType": "sptUsec",
            "BossEscortDifficult": "normal",
            "BossEscortAmount": "0,0,0,0,1,2",
            "Time": 1640,
            "Supports": null,
            "TriggerId": "",
            "TriggerName": "",
            "Delay": 0,
            "RandomTimeSpawn": false
        },
        {
            "BossName": "sptBear",
            "BossChance": 65,
            "BossZone": "ZoneSanatorium2",
            "BossPlayer": false,
            "BossDifficult": "normal",
            "BossEscortType": "sptBear",
            "BossEscortDifficult": "normal",
            "BossEscortAmount": "2",
            "Time": 2320,
            "Supports": null,
            "TriggerId": "",
            "TriggerName": "",
            "Delay": 0,
            "RandomTimeSpawn": false
        },
        {
            "BossName": "sptBear",
            "BossChance": 65,
            "BossZone": "ZoneMeteoStation",
            "BossPlayer": false,
            "BossDifficult": "normal",
            "BossEscortType": "sptBear",
            "BossEscortDifficult": "normal",
            "BossEscortAmount": "0,0,0,0,1",
            "Time": 580,
            "Supports": null,
            "TriggerId": "",
            "TriggerName": "",
            "Delay": 0,
            "RandomTimeSpawn": false
        },
        {
            "BossName": "sptUsec",
            "BossChance": 60,
            "BossZone": "ZoneMeteoStation",
            "BossPlayer": false,
            "BossDifficult": "normal",
            "BossEscortType": "sptBear",
            "BossEscortDifficult": "normal",
            "BossEscortAmount": "1",
            "Time": 1200,
            "Supports": null,
            "TriggerId": "",
            "TriggerName": "",
            "Delay": 0,
            "RandomTimeSpawn": false
        },
        {
            "BossName": "sptBear",
            "BossChance": 65,
            "BossZone": "ZoneMeteoStation",
            "BossPlayer": false,
            "BossDifficult": "normal",
            "BossEscortType": "sptBear",
            "BossEscortDifficult": "normal",
            "BossEscortAmount": "0,0,0,0,1",
            "Time": 2200,
            "Supports": null,
            "TriggerId": "",
            "TriggerName": "",
            "Delay": 0,
            "RandomTimeSpawn": false
        },
        {
            "BossName": "sptUsec",
            "BossChance": 65,
            "BossZone": "ZonePowerStation",
            "BossPlayer": false,
            "BossDifficult": "normal",
            "BossEscortType": "sptUsec",
            "BossEscortDifficult": "normal",
            "BossEscortAmount": "0,0,0,0,1",
            "Time": 570,
            "Supports": null,
            "TriggerId": "",
            "TriggerName": "",
            "Delay": 0,
            "RandomTimeSpawn": false
        },
        {
            "BossName": "sptBear",
            "BossChance": 60,
            "BossZone": "ZonePowerStation",
            "BossPlayer": false,
            "BossDifficult": "normal",
            "BossEscortType": "sptBear",
            "BossEscortDifficult": "normal",
            "BossEscortAmount": "0,0,0,0,1",
            "Time": 720,
            "Supports": null,
            "TriggerId": "",
            "TriggerName": "",
            "Delay": 0,
            "RandomTimeSpawn": false
        },
        {
            "BossName": "sptUsec",
            "BossChance": 65,
            "BossZone": "ZonePowerStation",
            "BossPlayer": false,
            "BossDifficult": "normal",
            "BossEscortType": "sptBear",
            "BossEscortDifficult": "normal",
            "BossEscortAmount": "0,0,0,0,1",
            "Time": 1360,
            "Supports": null,
            "TriggerId": "",
            "TriggerName": "",
            "Delay": 0,
            "RandomTimeSpawn": false
        },
        {
            "BossName": "sptBear",
            "BossChance": 60,
            "BossZone": "ZonePowerStation",
            "BossPlayer": false,
            "BossDifficult": "normal",
            "BossEscortType": "sptBear",
            "BossEscortDifficult": "normal",
            "BossEscortAmount": "0,0,0,0,1",
            "Time": 2210,
            "Supports": null,
            "TriggerId": "",
            "TriggerName": "",
            "Delay": 0,
            "RandomTimeSpawn": false
        },
        {
            "BossName": "sptBear",
            "BossChance": 65,
            "BossZone": "ZoneGasStation,ZonePort",
            "BossPlayer": false,
            "BossDifficult": "normal",
            "BossEscortType": "sptBear",
            "BossEscortDifficult": "normal",
            "BossEscortAmount": "0,0,0,0,1",
            "Time": 350,
            "Supports": null,
            "TriggerId": "",
            "TriggerName": "",
            "Delay": 0,
            "RandomTimeSpawn": false
        },
        {
            "BossName": "sptUsec",
            "BossChance": 60,
            "BossZone": "ZoneGasStation",
            "BossPlayer": false,
            "BossDifficult": "normal",
            "BossEscortType": "sptBear",
            "BossEscortDifficult": "normal",
            "BossEscortAmount": "0,1",
            "Time": 870,
            "Supports": null,
            "TriggerId": "",
            "TriggerName": "",
            "Delay": 0,
            "RandomTimeSpawn": false
        },
        {
            "BossName": "sptUsec",
            "BossChance": 60,
            "BossZone": "ZoneGasStation,ZonePort",
            "BossPlayer": false,
            "BossDifficult": "normal",
            "BossEscortType": "sptUsec",
            "BossEscortDifficult": "normal",
            "BossEscortAmount": "0,0,0,0,1",
            "Time": 1210,
            "Supports": null,
            "TriggerId": "",
            "TriggerName": "",
            "Delay": 0,
            "RandomTimeSpawn": false
        },
        {
            "BossName": "sptUsec",
            "BossChance": 70,
            "BossZone": "ZonePort",
            "BossPlayer": false,
            "BossDifficult": "normal",
            "BossEscortType": "sptUsec",
            "BossEscortDifficult": "normal",
            "BossEscortAmount": "0,0,0,0,1",
            "Time": 1810,
            "Supports": null,
            "TriggerId": "",
            "TriggerName": "",
            "Delay": 0,
            "RandomTimeSpawn": false
        },
        {
            "BossName": "sptBear",
            "BossChance": 60,
            "BossZone": "ZoneGasStation,ZonePort",
            "BossPlayer": false,
            "BossDifficult": "normal",
            "BossEscortType": "sptBear",
            "BossEscortDifficult": "normal",
            "BossEscortAmount": "1",
            "Time": 2410,
            "Supports": null,
            "TriggerId": "",
            "TriggerName": "",
            "Delay": 0,
            "RandomTimeSpawn": false
        },
        {
            "BossName": "sptBear",
            "BossChance": 65,
            "BossZone": "ZoneForestGasStation",
            "BossPlayer": false,
            "BossDifficult": "normal",
            "BossEscortType": "sptBear",
            "BossEscortDifficult": "normal",
            "BossEscortAmount": "0,0,0,0,1",
            "Time": 460,
            "Supports": null,
            "TriggerId": "",
            "TriggerName": "",
            "Delay": 0,
            "RandomTimeSpawn": false
        },
        {
            "BossName": "sptUsec",
            "BossChance": 60,
            "BossZone": "ZoneForestGasStation",
            "BossPlayer": false,
            "BossDifficult": "normal",
            "BossEscortType": "sptUsec",
            "BossEscortDifficult": "normal",
            "BossEscortAmount": "0,0,0,0,1",
            "Time": 1140,
            "Supports": null,
            "TriggerId": "",
            "TriggerName": "",
            "Delay": 0,
            "RandomTimeSpawn": false
        },
        {
            "BossName": "sptUsec",
            "BossChance": 60,
            "BossZone": "ZoneForestGasStation",
            "BossPlayer": false,
            "BossDifficult": "normal",
            "BossEscortType": "sptBear",
            "BossEscortDifficult": "normal",
            "BossEscortAmount": "0,0,0,0,1",
            "Time": 2240,
            "Supports": null,
            "TriggerId": "",
            "TriggerName": "",
            "Delay": 0,
            "RandomTimeSpawn": false
        },
        {
            "BossName": "sptBear",
            "BossChance": 65,
            "BossZone": "ZoneForestSpawn",
            "BossPlayer": false,
            "BossDifficult": "normal",
            "BossEscortType": "sptBear",
            "BossEscortDifficult": "normal",
            "BossEscortAmount": "0,0,0,0,1",
            "Time": 310,
            "Supports": null,
            "TriggerId": "",
            "TriggerName": "",
            "Delay": 0,
            "RandomTimeSpawn": false
        },
        {
            "BossName": "sptUsec",
            "BossChance": 60,
            "BossZone": "ZoneForestSpawn,ZoneForestTruck",
            "BossPlayer": false,
            "BossDifficult": "normal",
            "BossEscortType": "sptUsec",
            "BossEscortDifficult": "normal",
            "BossEscortAmount": "0,0,0,0,1",
            "Time": 1170,
            "Supports": null,
            "TriggerId": "",
            "TriggerName": "",
            "Delay": 0,
            "RandomTimeSpawn": false
        },
        {
            "BossName": "sptBear",
            "BossChance": 60,
            "BossZone": "ZoneForestSpawn,ZoneForestTruck",
            "BossPlayer": false,
            "BossDifficult": "normal",
            "BossEscortType": "sptUsec",
            "BossEscortDifficult": "normal",
            "BossEscortAmount": "0,1",
            "Time": 2220,
            "Supports": null,
            "TriggerId": "",
            "TriggerName": "",
            "Delay": 0,
            "RandomTimeSpawn": false
        },
        {
            "BossName": "sptUsec",
            "BossChance": 60,
            "BossZone": "ZoneBusStation",
            "BossPlayer": false,
            "BossDifficult": "normal",
            "BossEscortType": "sptUsec",
            "BossEscortDifficult": "normal",
            "BossEscortAmount": "0,0,0,0,1",
            "Time": 410,
            "Supports": null,
            "TriggerId": "",
            "TriggerName": "",
            "Delay": 0,
            "RandomTimeSpawn": false
        },
        {
            "BossName": "sptBear",
            "BossChance": 65,
            "BossZone": "ZoneBusStation",
            "BossPlayer": false,
            "BossDifficult": "normal",
            "BossEscortType": "sptBear",
            "BossEscortDifficult": "normal",
            "BossEscortAmount": "0,0,0,0,1",
            "Time": 1110,
            "Supports": null,
            "TriggerId": "",
            "TriggerName": "",
            "Delay": 0,
            "RandomTimeSpawn": false
        },
        {
            "BossName": "sptUsec",
            "BossChance": 60,
            "BossZone": "ZoneBusStation",
            "BossPlayer": false,
            "BossDifficult": "normal",
            "BossEscortType": "sptBear",
            "BossEscortDifficult": "normal",
            "BossEscortAmount": "0,1",
            "Time": 2390,
            "Supports": null,
            "TriggerId": "",
            "TriggerName": "",
            "Delay": 0,
            "RandomTimeSpawn": false
        },
        {
            "BossName": "assault",
            "BossChance": 60,
            "BossZone": "ZoneBunker,ZoneForestGasStation",
            "BossPlayer": false,
            "BossDifficult": "normal",
            "BossEscortType": "assault",
            "BossEscortDifficult": "normal",
            "BossEscortAmount": "0,0,0,0,1",
            "Time": 170,
            "Supports": null,
            "TriggerId": "",
            "TriggerName": "",
            "Delay": 0,
            "RandomTimeSpawn": false
        },
        {
            "BossName": "assault",
            "BossChance": 70,
            "BossZone": "ZoneBunker,ZoneForestGasStation",
            "BossPlayer": false,
            "BossDifficult": "normal",
            "BossEscortType": "assault",
            "BossEscortDifficult": "normal",
            "BossEscortAmount": "0,0,0,0,1",
            "Time": 915,
            "Supports": null,
            "TriggerId": "",
            "TriggerName": "",
            "Delay": 0,
            "RandomTimeSpawn": false
        },
        {
            "BossName": "assault",
            "BossChance": 80,
            "BossZone": "ZoneForestGasStation",
            "BossPlayer": false,
            "BossDifficult": "normal",
            "BossEscortType": "assault",
            "BossEscortDifficult": "normal",
            "BossEscortAmount": "0,0,0,0,1",
            "Time": 1790,
            "Supports": null,
            "TriggerId": "",
            "TriggerName": "",
            "Delay": 0,
            "RandomTimeSpawn": false
        },
        {
            "BossName": "assault",
            "BossChance": 70,
            "BossZone": "ZoneBusStation",
            "BossPlayer": false,
            "BossDifficult": "normal",
            "BossEscortType": "assault",
            "BossEscortDifficult": "normal",
            "BossEscortAmount": "0,0,0,0,1",
            "Time": 120,
            "Supports": null,
            "TriggerId": "",
            "TriggerName": "",
            "Delay": 0,
            "RandomTimeSpawn": false
        },
        {
            "BossName": "assault",
            "BossChance": 70,
            "BossZone": "ZoneBusStation",
            "BossPlayer": false,
            "BossDifficult": "normal",
            "BossEscortType": "assault",
            "BossEscortDifficult": "normal",
            "BossEscortAmount": "0,0,0,0,1",
            "Time": 960,
            "Supports": null,
            "TriggerId": "",
            "TriggerName": "",
            "Delay": 0,
            "RandomTimeSpawn": false
        },
        {
            "BossName": "assault",
            "BossChance": 80,
            "BossZone": "ZoneBusStation",
            "BossPlayer": false,
            "BossDifficult": "normal",
            "BossEscortType": "assault",
            "BossEscortDifficult": "normal",
            "BossEscortAmount": "0,0,0,0,1",
            "Time": 1870,
            "Supports": null,
            "TriggerId": "",
            "TriggerName": "",
            "Delay": 0,
            "RandomTimeSpawn": false
        },
        {
            "BossName": "assault",
            "BossChance": 70,
            "BossZone": "ZoneForestSpawn",
            "BossPlayer": false,
            "BossDifficult": "normal",
            "BossEscortType": "assault",
            "BossEscortDifficult": "normal",
            "BossEscortAmount": "0,0,0,0,1",
            "Time": 110,
            "Supports": null,
            "TriggerId": "",
            "TriggerName": "",
            "Delay": 0,
            "RandomTimeSpawn": false
        },
        {
            "BossName": "assault",
            "BossChance": 70,
            "BossZone": "ZoneForestSpawn",
            "BossPlayer": false,
            "BossDifficult": "normal",
            "BossEscortType": "assault",
            "BossEscortDifficult": "normal",
            "BossEscortAmount": "0,0,0,0,1",
            "Time": 760,
            "Supports": null,
            "TriggerId": "",
            "TriggerName": "",
            "Delay": 0,
            "RandomTimeSpawn": false
        },
        {
            "BossName": "assault",
            "BossChance": 80,
            "BossZone": "ZoneForestSpawn",
            "BossPlayer": false,
            "BossDifficult": "normal",
            "BossEscortType": "assault",
            "BossEscortDifficult": "normal",
            "BossEscortAmount": "0,0,0,0,1",
            "Time": 1820,
            "Supports": null,
            "TriggerId": "",
            "TriggerName": "",
            "Delay": 0,
            "RandomTimeSpawn": false
        },
        {
            "BossName": "assault",
            "BossChance": 70,
            "BossZone": "ZoneForestTruck",
            "BossPlayer": false,
            "BossDifficult": "normal",
            "BossEscortType": "assault",
            "BossEscortDifficult": "normal",
            "BossEscortAmount": "0,0,0,0,1",
            "Time": 90,
            "Supports": null,
            "TriggerId": "",
            "TriggerName": "",
            "Delay": 0,
            "RandomTimeSpawn": false
        },
        {
            "BossName": "assault",
            "BossChance": 70,
            "BossZone": "ZoneForestTruck",
            "BossPlayer": false,
            "BossDifficult": "normal",
            "BossEscortType": "assault",
            "BossEscortDifficult": "normal",
            "BossEscortAmount": "0,0,0,0,1",
            "Time": 830,
            "Supports": null,
            "TriggerId": "",
            "TriggerName": "",
            "Delay": 0,
            "RandomTimeSpawn": false
        },
        {
            "BossName": "assault",
            "BossChance": 70,
            "BossZone": "ZoneForestTruck",
            "BossPlayer": false,
            "BossDifficult": "normal",
            "BossEscortType": "assault",
            "BossEscortDifficult": "normal",
            "BossEscortAmount": "0,0,0,0,1",
            "Time": 1670,
            "Supports": null,
            "TriggerId": "",
            "TriggerName": "",
            "Delay": 0,
            "RandomTimeSpawn": false
        },
        {
            "BossName": "assault",
            "BossChance": 75,
            "BossZone": "ZoneGasStation",
            "BossPlayer": false,
            "BossDifficult": "normal",
            "BossEscortType": "assault",
            "BossEscortDifficult": "normal",
            "BossEscortAmount": "0,0,0,0,1",
            "Time": 60,
            "Supports": null,
            "TriggerId": "",
            "TriggerName": "",
            "Delay": 0,
            "RandomTimeSpawn": false
        },
        {
            "BossName": "assault",
            "BossChance": 75,
            "BossZone": "ZoneGasStation",
            "BossPlayer": false,
            "BossDifficult": "normal",
            "BossEscortType": "assault",
            "BossEscortDifficult": "normal",
            "BossEscortAmount": "0,0,0,0,1",
            "Time": 570,
            "Supports": null,
            "TriggerId": "",
            "TriggerName": "",
            "Delay": 0,
            "RandomTimeSpawn": false
        },
        {
            "BossName": "assault",
            "BossChance": 80,
            "BossZone": "ZoneGasStation",
            "BossPlayer": false,
            "BossDifficult": "normal",
            "BossEscortType": "assault",
            "BossEscortDifficult": "normal",
            "BossEscortAmount": "0,0,1,1,1",
            "Time": 1800,
            "Supports": null,
            "TriggerId": "",
            "TriggerName": "",
            "Delay": 0,
            "RandomTimeSpawn": false
        },
        {
            "BossName": "assault",
            "BossChance": 80,
            "BossZone": "ZoneGreenHouses",
            "BossPlayer": false,
            "BossDifficult": "normal",
            "BossEscortType": "assault",
            "BossEscortDifficult": "normal",
            "BossEscortAmount": "0,0,0,0,1",
            "Time": 90,
            "Supports": null,
            "TriggerId": "",
            "TriggerName": "",
            "Delay": 0,
            "RandomTimeSpawn": false
        },
        {
            "BossName": "assault",
            "BossChance": 75,
            "BossZone": "ZoneGreenHouses",
            "BossPlayer": false,
            "BossDifficult": "normal",
            "BossEscortType": "assault",
            "BossEscortDifficult": "normal",
            "BossEscortAmount": "0,0,0,0,1",
            "Time": 770,
            "Supports": null,
            "TriggerId": "",
            "TriggerName": "",
            "Delay": 0,
            "RandomTimeSpawn": false
        },
        {
            "BossName": "assault",
            "BossChance": 80,
            "BossZone": "ZoneGreenHouses",
            "BossPlayer": false,
            "BossDifficult": "normal",
            "BossEscortType": "assault",
            "BossEscortDifficult": "normal",
            "BossEscortAmount": "0,0,0,0,1",
            "Time": 1610,
            "Supports": null,
            "TriggerId": "",
            "TriggerName": "",
            "Delay": 0,
            "RandomTimeSpawn": false
        },
        {
            "BossName": "assault",
            "BossChance": 70,
            "BossZone": "ZoneIsland",
            "BossPlayer": false,
            "BossDifficult": "normal",
            "BossEscortType": "assault",
            "BossEscortDifficult": "normal",
            "BossEscortAmount": "0,0,0,0,1",
            "Time": 170,
            "Supports": null,
            "TriggerId": "",
            "TriggerName": "",
            "Delay": 0,
            "RandomTimeSpawn": false
        },
        {
            "BossName": "assault",
            "BossChance": 70,
            "BossZone": "ZoneIsland",
            "BossPlayer": false,
            "BossDifficult": "normal",
            "BossEscortType": "assault",
            "BossEscortDifficult": "normal",
            "BossEscortAmount": "0,0,0,0,1",
            "Time": 800,
            "Supports": null,
            "TriggerId": "",
            "TriggerName": "",
            "Delay": 0,
            "RandomTimeSpawn": false
        },
        {
            "BossName": "assault",
            "BossChance": 70,
            "BossZone": "ZoneIsland",
            "BossPlayer": false,
            "BossDifficult": "normal",
            "BossEscortType": "assault",
            "BossEscortDifficult": "normal",
            "BossEscortAmount": "0,0,0,0,1",
            "Time": 2100,
            "Supports": null,
            "TriggerId": "",
            "TriggerName": "",
            "Delay": 0,
            "RandomTimeSpawn": false
        },
        {
            "BossName": "assault",
            "BossChance": 75,
            "BossZone": "ZoneMeteoStation",
            "BossPlayer": false,
            "BossDifficult": "normal",
            "BossEscortType": "assault",
            "BossEscortDifficult": "normal",
            "BossEscortAmount": "0,0,0,0,1",
            "Time": 80,
            "Supports": null,
            "TriggerId": "",
            "TriggerName": "",
            "Delay": 0,
            "RandomTimeSpawn": false
        },
        {
            "BossName": "assault",
            "BossChance": 70,
            "BossZone": "ZoneMeteoStation",
            "BossPlayer": false,
            "BossDifficult": "normal",
            "BossEscortType": "assault",
            "BossEscortDifficult": "normal",
            "BossEscortAmount": "0,0,0,0,1",
            "Time": 900,
            "Supports": null,
            "TriggerId": "",
            "TriggerName": "",
            "Delay": 0,
            "RandomTimeSpawn": false
        },
        {
            "BossName": "assault",
            "BossChance": 80,
            "BossZone": "ZoneMeteoStation",
            "BossPlayer": false,
            "BossDifficult": "normal",
            "BossEscortType": "assault",
            "BossEscortDifficult": "normal",
            "BossEscortAmount": "0,0,0,0,1",
            "Time": 1670,
            "Supports": null,
            "TriggerId": "",
            "TriggerName": "",
            "Delay": 0,
            "RandomTimeSpawn": false
        },
        {
            "BossName": "assault",
            "BossChance": 70,
            "BossZone": "ZonePassClose",
            "BossPlayer": false,
            "BossDifficult": "normal",
            "BossEscortType": "assault",
            "BossEscortDifficult": "normal",
            "BossEscortAmount": "0,0,0,0,1",
            "Time": 150,
            "Supports": null,
            "TriggerId": "",
            "TriggerName": "",
            "Delay": 0,
            "RandomTimeSpawn": false
        },
        {
            "BossName": "assault",
            "BossChance": 70,
            "BossZone": "ZonePassClose",
            "BossPlayer": false,
            "BossDifficult": "normal",
            "BossEscortType": "assault",
            "BossEscortDifficult": "normal",
            "BossEscortAmount": "0,0,0,0,1",
            "Time": 980,
            "Supports": null,
            "TriggerId": "",
            "TriggerName": "",
            "Delay": 0,
            "RandomTimeSpawn": false
        },
        {
            "BossName": "assault",
            "BossChance": 70,
            "BossZone": "ZonePassClose",
            "BossPlayer": false,
            "BossDifficult": "normal",
            "BossEscortType": "assault",
            "BossEscortDifficult": "normal",
            "BossEscortAmount": "0,0,0,0,1",
            "Time": 1750,
            "Supports": null,
            "TriggerId": "",
            "TriggerName": "",
            "Delay": 0,
            "RandomTimeSpawn": false
        },
        {
            "BossName": "assault",
            "BossChance": 70,
            "BossZone": "ZonePassFar",
            "BossPlayer": false,
            "BossDifficult": "normal",
            "BossEscortType": "assault",
            "BossEscortDifficult": "normal",
            "BossEscortAmount": "0,0,0,0,1",
            "Time": 60,
            "Supports": null,
            "TriggerId": "",
            "TriggerName": "",
            "Delay": 0,
            "RandomTimeSpawn": false
        },
        {
            "BossName": "assault",
            "BossChance": 70,
            "BossZone": "ZonePassFar",
            "BossPlayer": false,
            "BossDifficult": "normal",
            "BossEscortType": "marksman",
            "BossEscortDifficult": "normal",
            "BossEscortAmount": "0,1",
            "Time": 960,
            "Supports": null,
            "TriggerId": "",
            "TriggerName": "",
            "Delay": 0,
            "RandomTimeSpawn": false
        },
        {
            "BossName": "assault",
            "BossChance": 65,
            "BossZone": "ZonePassFar",
            "BossPlayer": false,
            "BossDifficult": "normal",
            "BossEscortType": "assault",
            "BossEscortDifficult": "normal",
            "BossEscortAmount": "0,0,0,0,1",
            "Time": 1860,
            "Supports": null,
            "TriggerId": "",
            "TriggerName": "",
            "Delay": 0,
            "RandomTimeSpawn": false
        },
        {
            "BossName": "assault",
            "BossChance": 75,
            "BossZone": "ZonePort",
            "BossPlayer": false,
            "BossDifficult": "normal",
            "BossEscortType": "assault",
            "BossEscortDifficult": "normal",
            "BossEscortAmount": "0,0,0,1,1",
            "Time": 110,
            "Supports": null,
            "TriggerId": "",
            "TriggerName": "",
            "Delay": 0,
            "RandomTimeSpawn": false
        },
        {
            "BossName": "assault",
            "BossChance": 70,
            "BossZone": "ZonePort",
            "BossPlayer": false,
            "BossDifficult": "normal",
            "BossEscortType": "assault",
            "BossEscortDifficult": "normal",
            "BossEscortAmount": "0,0,0,1,1",
            "Time": 540,
            "Supports": null,
            "TriggerId": "",
            "TriggerName": "",
            "Delay": 0,
            "RandomTimeSpawn": false
        },
        {
            "BossName": "assault",
            "BossChance": 75,
            "BossZone": "ZonePort",
            "BossPlayer": false,
            "BossDifficult": "normal",
            "BossEscortType": "assault",
            "BossEscortDifficult": "normal",
            "BossEscortAmount": "0,0,0,1,1",
            "Time": 1440,
            "Supports": null,
            "TriggerId": "",
            "TriggerName": "",
            "Delay": 0,
            "RandomTimeSpawn": false
        },
        {
            "BossName": "assault",
            "BossChance": 70,
            "BossZone": "ZonePowerStation",
            "BossPlayer": false,
            "BossDifficult": "normal",
            "BossEscortType": "assault",
            "BossEscortDifficult": "normal",
            "BossEscortAmount": "0,0,0,0,1",
            "Time": 90,
            "Supports": null,
            "TriggerId": "",
            "TriggerName": "",
            "Delay": 0,
            "RandomTimeSpawn": false
        },
        {
            "BossName": "assault",
            "BossChance": 65,
            "BossZone": "ZonePowerStation",
            "BossPlayer": false,
            "BossDifficult": "normal",
            "BossEscortType": "assault",
            "BossEscortDifficult": "normal",
            "BossEscortAmount": "0,0,0,1,1",
            "Time": 900,
            "Supports": null,
            "TriggerId": "",
            "TriggerName": "",
            "Delay": 0,
            "RandomTimeSpawn": false
        },
        {
            "BossName": "assault",
            "BossChance": 70,
            "BossZone": "ZonePowerStation",
            "BossPlayer": false,
            "BossDifficult": "normal",
            "BossEscortType": "assault",
            "BossEscortDifficult": "normal",
            "BossEscortAmount": "0,0,0,0,1",
            "Time": 1780,
            "Supports": null,
            "TriggerId": "",
            "TriggerName": "",
            "Delay": 0,
            "RandomTimeSpawn": false
        },
        {
            "BossName": "assault",
            "BossChance": 70,
            "BossZone": "ZoneRailWays",
            "BossPlayer": false,
            "BossDifficult": "normal",
            "BossEscortType": "assault",
            "BossEscortDifficult": "normal",
            "BossEscortAmount": "0,0,0,0,1",
            "Time": 70,
            "Supports": null,
            "TriggerId": "",
            "TriggerName": "",
            "Delay": 0,
            "RandomTimeSpawn": false
        },
        {
            "BossName": "assault",
            "BossChance": 75,
            "BossZone": "ZoneRailWays",
            "BossPlayer": false,
            "BossDifficult": "normal",
            "BossEscortType": "marksman",
            "BossEscortDifficult": "normal",
            "BossEscortAmount": "0,0,1",
            "Time": 900,
            "Supports": null,
            "TriggerId": "",
            "TriggerName": "",
            "Delay": 0,
            "RandomTimeSpawn": false
        },
        {
            "BossName": "assault",
            "BossChance": 75,
            "BossZone": "ZoneRailWays",
            "BossPlayer": false,
            "BossDifficult": "normal",
            "BossEscortType": "marksman",
            "BossEscortDifficult": "normal",
            "BossEscortAmount": "0,0,0,0,1",
            "Time": 1920,
            "Supports": null,
            "TriggerId": "",
            "TriggerName": "",
            "Delay": 0,
            "RandomTimeSpawn": false
        },
        {
            "BossName": "assault",
            "BossChance": 90,
            "BossZone": "ZoneSanatorium1",
            "BossPlayer": false,
            "BossDifficult": "normal",
            "BossEscortType": "assault",
            "BossEscortDifficult": "normal",
            "BossEscortAmount": "1,1,2,2,2,3,3",
            "Time": 50,
            "Supports": null,
            "TriggerId": "",
            "TriggerName": "",
            "Delay": 0,
            "RandomTimeSpawn": false
        },
        {
            "BossName": "assault",
            "BossChance": 80,
            "BossZone": "ZoneSanatorium1",
            "BossPlayer": false,
            "BossDifficult": "normal",
            "BossEscortType": "assault",
            "BossEscortDifficult": "normal",
            "BossEscortAmount": "0",
            "Time": 380,
            "Supports": null,
            "TriggerId": "",
            "TriggerName": "",
            "Delay": 0,
            "RandomTimeSpawn": false
        },
        {
            "BossName": "assault",
            "BossChance": 80,
            "BossZone": "ZoneSanatorium1",
            "BossPlayer": false,
            "BossDifficult": "normal",
            "BossEscortType": "assault",
            "BossEscortDifficult": "normal",
            "BossEscortAmount": "0",
            "Time": 520,
            "Supports": null,
            "TriggerId": "",
            "TriggerName": "",
            "Delay": 0,
            "RandomTimeSpawn": false
        },
        {
            "BossName": "assault",
            "BossChance": 90,
            "BossZone": "ZoneSanatorium1",
            "BossPlayer": false,
            "BossDifficult": "normal",
            "BossEscortType": "assault",
            "BossEscortDifficult": "normal",
            "BossEscortAmount": "1,1,2,2,2,3,3",
            "Time": 870,
            "Supports": null,
            "TriggerId": "",
            "TriggerName": "",
            "Delay": 0,
            "RandomTimeSpawn": false
        },
        {
            "BossName": "assault",
            "BossChance": 90,
            "BossZone": "ZoneSanatorium1",
            "BossPlayer": false,
            "BossDifficult": "normal",
            "BossEscortType": "assault",
            "BossEscortDifficult": "normal",
            "BossEscortAmount": "1,1,2,2,2,3,3",
            "Time": 2160,
            "Supports": null,
            "TriggerId": "",
            "TriggerName": "",
            "Delay": 0,
            "RandomTimeSpawn": false
        },
        {
            "BossName": "assault",
            "BossChance": 90,
            "BossZone": "ZoneSanatorium2",
            "BossPlayer": false,
            "BossDifficult": "normal",
            "BossEscortType": "assault",
            "BossEscortDifficult": "normal",
            "BossEscortAmount": "1,1,2,2,2,3,3",
            "Time": 70,
            "Supports": null,
            "TriggerId": "",
            "TriggerName": "",
            "Delay": 0,
            "RandomTimeSpawn": false
        },
        {
            "BossName": "assault",
            "BossChance": 80,
            "BossZone": "ZoneSanatorium2",
            "BossPlayer": false,
            "BossDifficult": "normal",
            "BossEscortType": "assault",
            "BossEscortDifficult": "normal",
            "BossEscortAmount": "0",
            "Time": 480,
            "Supports": null,
            "TriggerId": "",
            "TriggerName": "",
            "Delay": 0,
            "RandomTimeSpawn": false
        },
        {
            "BossName": "assault",
            "BossChance": 80,
            "BossZone": "ZoneSanatorium2",
            "BossPlayer": false,
            "BossDifficult": "normal",
            "BossEscortType": "assault",
            "BossEscortDifficult": "normal",
            "BossEscortAmount": "0",
            "Time": 790,
            "Supports": null,
            "TriggerId": "",
            "TriggerName": "",
            "Delay": 0,
            "RandomTimeSpawn": false
        },
        {
            "BossName": "assault",
            "BossChance": 90,
            "BossZone": "ZoneSanatorium2",
            "BossPlayer": false,
            "BossDifficult": "normal",
            "BossEscortType": "assault",
            "BossEscortDifficult": "normal",
            "BossEscortAmount": "1,1,2,2,2,3,3",
            "Time": 1320,
            "Supports": null,
            "TriggerId": "",
            "TriggerName": "",
            "Delay": 0,
            "RandomTimeSpawn": false
        },
        {
            "BossName": "assault",
            "BossChance": 80,
            "BossZone": "ZoneSanatorium2",
            "BossPlayer": false,
            "BossDifficult": "normal",
            "BossEscortType": "assault",
            "BossEscortDifficult": "normal",
            "BossEscortAmount": "1,1,2,2,2,3,3",
            "Time": 1870,
            "Supports": null,
            "TriggerId": "",
            "TriggerName": "",
            "Delay": 0,
            "RandomTimeSpawn": false
        },
        {
            "BossName": "assault",
            "BossChance": 80,
            "BossZone": "ZoneSanatorium2",
            "BossPlayer": false,
            "BossDifficult": "normal",
            "BossEscortType": "assault",
            "BossEscortDifficult": "normal",
            "BossEscortAmount": "1,1,2,2,2,3,3",
            "Time": 2740,
            "Supports": null,
            "TriggerId": "",
            "TriggerName": "",
            "Delay": 0,
            "RandomTimeSpawn": false
        },
        {
            "BossName": "assault",
            "BossChance": 65,
            "BossZone": "ZoneTunnel",
            "BossPlayer": false,
            "BossDifficult": "normal",
            "BossEscortType": "assault",
            "BossEscortDifficult": "normal",
            "BossEscortAmount": "0,0,0,0,0,0,0,0,0,1",
            "Time": 260,
            "Supports": null,
            "TriggerId": "",
            "TriggerName": "",
            "Delay": 0,
            "RandomTimeSpawn": false
        },
        {
            "BossName": "assault",
            "BossChance": 70,
            "BossZone": "ZoneTunnel",
            "BossPlayer": false,
            "BossDifficult": "normal",
            "BossEscortType": "marksman",
            "BossEscortDifficult": "normal",
            "BossEscortAmount": "1",
            "Time": 970,
            "Supports": null,
            "TriggerId": "",
            "TriggerName": "",
            "Delay": 0,
            "RandomTimeSpawn": false
        },
        {
            "BossName": "assault",
            "BossChance": 70,
            "BossZone": "ZoneTunnel",
            "BossPlayer": false,
            "BossDifficult": "normal",
            "BossEscortType": "assault",
            "BossEscortDifficult": "normal",
            "BossEscortAmount": "0,0,0,0,0,0,0,0,0,1",
            "Time": 2090,
            "Supports": null,
            "TriggerId": "",
            "TriggerName": "",
            "Delay": 0,
            "RandomTimeSpawn": false
        },
        {
            "BossName": "assault",
            "BossChance": 80,
            "BossZone": "ZoneStartVillage",
            "BossPlayer": false,
            "BossDifficult": "normal",
            "BossEscortType": "assault",
            "BossEscortDifficult": "normal",
            "BossEscortAmount": "1,1,1,1,1,2",
            "Time": 70,
            "Supports": null,
            "TriggerId": "",
            "TriggerName": "",
            "Delay": 0,
            "RandomTimeSpawn": false
        },
        {
            "BossName": "assault",
            "BossChance": 80,
            "BossZone": "ZoneStartVillage",
            "BossPlayer": false,
            "BossDifficult": "normal",
            "BossEscortType": "assault",
            "BossEscortDifficult": "normal",
            "BossEscortAmount": "1,1,1,1,1,2",
            "Time": 350,
            "Supports": null,
            "TriggerId": "",
            "TriggerName": "",
            "Delay": 0,
            "RandomTimeSpawn": false
        },
        {
            "BossName": "assault",
            "BossChance": 70,
            "BossZone": "ZoneStartVillage",
            "BossPlayer": false,
            "BossDifficult": "normal",
            "BossEscortType": "assault",
            "BossEscortDifficult": "normal",
            "BossEscortAmount": "1,1,1,2,2,2",
            "Time": 680,
            "Supports": null,
            "TriggerId": "",
            "TriggerName": "",
            "Delay": 0,
            "RandomTimeSpawn": false
        },
        {
            "BossName": "assault",
            "BossChance": 80,
            "BossZone": "ZoneStartVillage",
            "BossPlayer": false,
            "BossDifficult": "normal",
            "BossEscortType": "assault",
            "BossEscortDifficult": "normal",
            "BossEscortAmount": "1,1,1,2,2,2",
            "Time": 1990,
            "Supports": null,
            "TriggerId": "",
            "TriggerName": "",
            "Delay": 0,
            "RandomTimeSpawn": false
        },
        {
            "BossName": "assault",
            "BossChance": 70,
            "BossZone": "ZoneStartVillage",
            "BossPlayer": false,
            "BossDifficult": "normal",
            "BossEscortType": "assault",
            "BossEscortDifficult": "normal",
            "BossEscortAmount": "1,1,1,2,2,2",
            "Time": 2690,
            "Supports": null,
            "TriggerId": "",
            "TriggerName": "",
            "Delay": 0,
            "RandomTimeSpawn": false
        },
        {
            "BossName": "marksman",
            "BossChance": 75,
            "BossZone": "ZoneBunkeSniper",
            "BossPlayer": false,
            "BossDifficult": "normal",
            "BossEscortType": "marksman",
            "BossEscortDifficult": "normal",
            "BossEscortAmount": "0",
            "Time": 80,
            "Supports": null,
            "TriggerId": "",
            "TriggerName": "",
            "Delay": 0,
            "RandomTimeSpawn": false
        },
        {
            "BossName": "marksman",
            "BossChance": 65,
            "BossZone": "ZoneBunkeSniper",
            "BossPlayer": false,
            "BossDifficult": "normal",
            "BossEscortType": "marksman",
            "BossEscortDifficult": "normal",
            "BossEscortAmount": "0",
            "Time": 1420,
            "Supports": null,
            "TriggerId": "",
            "TriggerName": "",
            "Delay": 0,
            "RandomTimeSpawn": false
        },
        {
            "BossName": "marksman",
            "BossChance": 75,
            "BossZone": "ZonePowerStationSniper",
            "BossPlayer": false,
            "BossDifficult": "normal",
            "BossEscortType": "marksman",
            "BossEscortDifficult": "normal",
            "BossEscortAmount": "0",
            "Time": 60,
            "Supports": null,
            "TriggerId": "",
            "TriggerName": "",
            "Delay": 0,
            "RandomTimeSpawn": false
        },
        {
            "BossName": "marksman",
            "BossChance": 65,
            "BossZone": "ZonePowerStationSniper",
            "BossPlayer": false,
            "BossDifficult": "normal",
            "BossEscortType": "marksman",
            "BossEscortDifficult": "normal",
            "BossEscortAmount": "0",
            "Time": 1450,
            "Supports": null,
            "TriggerId": "",
            "TriggerName": "",
            "Delay": 0,
            "RandomTimeSpawn": false
        }
    ]
}