{
    "BossLocationSpawn": [
        {
            "BossName": "sectantPriest",
            "BossChance": 10,
            "BossZone": "ZoneMiniHouse,ZoneBrokenVill",
            "BossPlayer": false,
            "BossDifficult": "normal",
            "BossEscortType": "sectantWarrior",
            "BossEscortDifficult": "normal",
            "BossEscortAmount": "4",
            "Time": -1,
            "Supports": null,
            "TriggerId": "",
            "TriggerName": "",
            "Delay": 0,
            "RandomTimeSpawn": false
        },
        {
            "BossName": "sptBear",
            "BossChance": 75,
            "BossZone": "ZoneBigRocks",
            "BossPlayer": false,
            "BossDifficult": "normal",
            "BossEscortType": "sptBear",
            "BossEscortDifficult": "normal",
            "BossEscortAmount": "0,0,0,0,1",
            "Time": 450,
            "Supports": null,
            "TriggerId": "",
            "TriggerName": "",
            "Delay": 0,
            "RandomTimeSpawn": false
        },
        {
            "BossName": "sptUsec",
            "BossChance": 75,
            "BossZone": "ZoneBigRocks",
            "BossPlayer": false,
            "BossDifficult": "normal",
            "BossEscortType": "sptUsec",
            "BossEscortDifficult": "normal",
            "BossEscortAmount": "0,0,0,0,1",
            "Time": 1350,
            "Supports": null,
            "TriggerId": "",
            "TriggerName": "",
            "Delay": 0,
            "RandomTimeSpawn": false
        },
        {
            "BossName": "sptBear",
            "BossChance": 75,
            "BossZone": "ZoneBigRocks",
            "BossPlayer": false,
            "BossDifficult": "normal",
            "BossEscortType": "sptUsec",
            "BossEscortDifficult": "normal",
            "BossEscortAmount": "1",
            "Time": 2450,
            "Supports": null,
            "TriggerId": "",
            "TriggerName": "",
            "Delay": 0,
            "RandomTimeSpawn": false
        },
        {
            "BossName": "sptUsec",
            "BossChance": 75,
            "BossZone": "ZoneBrokenVill",
            "BossPlayer": false,
            "BossDifficult": "normal",
            "BossEscortType": "sptUsec",
            "BossEscortDifficult": "normal",
            "BossEscortAmount": "0,0,0,0,1",
            "Time": 750,
            "Supports": null,
            "TriggerId": "",
            "TriggerName": "",
            "Delay": 0,
            "RandomTimeSpawn": false
        },
        {
            "BossName": "sptBear",
            "BossChance": 75,
            "BossZone": "ZoneBrokenVill",
            "BossPlayer": false,
            "BossDifficult": "normal",
            "BossEscortType": "sptBear",
            "BossEscortDifficult": "normal",
            "BossEscortAmount": "0,0,0,0,1",
            "Time": 1250,
            "Supports": null,
            "TriggerId": "",
            "TriggerName": "",
            "Delay": 0,
            "RandomTimeSpawn": false
        },
        {
            "BossName": "sptUsec",
            "BossChance": 75,
            "BossZone": "ZoneBrokenVill",
            "BossPlayer": false,
            "BossDifficult": "normal",
            "BossEscortType": "sptBear",
            "BossEscortDifficult": "normal",
            "BossEscortAmount": "1",
            "Time": 2310,
            "Supports": null,
            "TriggerId": "",
            "TriggerName": "",
            "Delay": 0,
            "RandomTimeSpawn": false
        },
        {
            "BossName": "sptBear",
            "BossChance": 75,
            "BossZone": "ZoneClearVill",
            "BossPlayer": false,
            "BossDifficult": "normal",
            "BossEscortType": "sptBear",
            "BossEscortDifficult": "normal",
            "BossEscortAmount": "0,0,0,0,1",
            "Time": 400,
            "Supports": null,
            "TriggerId": "",
            "TriggerName": "",
            "Delay": 0,
            "RandomTimeSpawn": false
        },
        {
            "BossName": "sptUsec",
            "BossChance": 75,
            "BossZone": "ZoneClearVill",
            "BossPlayer": false,
            "BossDifficult": "normal",
            "BossEscortType": "sptUsec",
            "BossEscortDifficult": "normal",
            "BossEscortAmount": "0,0,0,0,1",
            "Time": 1110,
            "Supports": null,
            "TriggerId": "",
            "TriggerName": "",
            "Delay": 0,
            "RandomTimeSpawn": false
        },
        {
            "BossName": "sptBear",
            "BossChance": 75,
            "BossZone": "ZoneClearVill",
            "BossPlayer": false,
            "BossDifficult": "normal",
            "BossEscortType": "sptUsec",
            "BossEscortDifficult": "normal",
            "BossEscortAmount": "1",
            "Time": 2180,
            "Supports": null,
            "TriggerId": "",
            "TriggerName": "",
            "Delay": 0,
            "RandomTimeSpawn": false
        },
        {
            "BossName": "sptUsec",
            "BossChance": 75,
            "BossZone": "ZoneHouse",
            "BossPlayer": false,
            "BossDifficult": "normal",
            "BossEscortType": "sptUsec",
            "BossEscortDifficult": "normal",
            "BossEscortAmount": "0,0,0,0,1",
            "Time": 370,
            "Supports": null,
            "TriggerId": "",
            "TriggerName": "",
            "Delay": 0,
            "RandomTimeSpawn": false
        },
        {
            "BossName": "sptBear",
            "BossChance": 75,
            "BossZone": "ZoneHouse",
            "BossPlayer": false,
            "BossDifficult": "normal",
            "BossEscortType": "sptBear",
            "BossEscortDifficult": "normal",
            "BossEscortAmount": "0,0,0,0,1",
            "Time": 1470,
            "Supports": null,
            "TriggerId": "",
            "TriggerName": "",
            "Delay": 0,
            "RandomTimeSpawn": false
        },
        {
            "BossName": "sptUsec",
            "BossChance": 75,
            "BossZone": "ZoneHouse",
            "BossPlayer": false,
            "BossDifficult": "normal",
            "BossEscortType": "sptBear",
            "BossEscortDifficult": "normal",
            "BossEscortAmount": "1",
            "Time": 2370,
            "Supports": null,
            "TriggerId": "",
            "TriggerName": "",
            "Delay": 0,
            "RandomTimeSpawn": false
        },
        {
            "BossName": "sptBear",
            "BossChance": 75,
            "BossZone": "ZoneMiniHouse",
            "BossPlayer": false,
            "BossDifficult": "normal",
            "BossEscortType": "sptBear",
            "BossEscortDifficult": "normal",
            "BossEscortAmount": "0,0,0,0,1",
            "Time": 510,
            "Supports": null,
            "TriggerId": "",
            "TriggerName": "",
            "Delay": 0,
            "RandomTimeSpawn": false
        },
        {
            "BossName": "sptUsec",
            "BossChance": 75,
            "BossZone": "ZoneMiniHouse",
            "BossPlayer": false,
            "BossDifficult": "normal",
            "BossEscortType": "sptUsec",
            "BossEscortDifficult": "normal",
            "BossEscortAmount": "0,0,0,0,1",
            "Time": 1280,
            "Supports": null,
            "TriggerId": "",
            "TriggerName": "",
            "Delay": 0,
            "RandomTimeSpawn": false
        },
        {
            "BossName": "sptBear",
            "BossChance": 75,
            "BossZone": "ZoneMiniHouse",
            "BossPlayer": false,
            "BossDifficult": "normal",
            "BossEscortType": "sptUsec",
            "BossEscortDifficult": "normal",
            "BossEscortAmount": "1",
            "Time": 2190,
            "Supports": null,
            "TriggerId": "",
            "TriggerName": "",
            "Delay": 0,
            "RandomTimeSpawn": false
        },
        {
            "BossName": "sptUsec",
            "BossChance": 75,
            "BossZone": "ZoneRedHouse",
            "BossPlayer": false,
            "BossDifficult": "normal",
            "BossEscortType": "sptUsec",
            "BossEscortDifficult": "normal",
            "BossEscortAmount": "0,0,0,0,1",
            "Time": 650,
            "Supports": null,
            "TriggerId": "",
            "TriggerName": "",
            "Delay": 0,
            "RandomTimeSpawn": false
        },
        {
            "BossName": "sptBear",
            "BossChance": 75,
            "BossZone": "ZoneRedHouse",
            "BossPlayer": false,
            "BossDifficult": "normal",
            "BossEscortType": "sptBear",
            "BossEscortDifficult": "normal",
            "BossEscortAmount": "0,0,0,0,1",
            "Time": 1650,
            "Supports": null,
            "TriggerId": "",
            "TriggerName": "",
            "Delay": 0,
            "RandomTimeSpawn": false
        },
        {
            "BossName": "sptUsec",
            "BossChance": 75,
            "BossZone": "ZoneRedHouse",
            "BossPlayer": false,
            "BossDifficult": "normal",
            "BossEscortType": "sptBear",
            "BossEscortDifficult": "normal",
            "BossEscortAmount": "1",
            "Time": 2450,
            "Supports": null,
            "TriggerId": "",
            "TriggerName": "",
            "Delay": 0,
            "RandomTimeSpawn": false
        },
        {
            "BossName": "sptBear",
            "BossChance": 75,
            "BossZone": "ZoneRoad",
            "BossPlayer": false,
            "BossDifficult": "normal",
            "BossEscortType": "sptBear",
            "BossEscortDifficult": "normal",
            "BossEscortAmount": "0,0,0,0,1",
            "Time": 590,
            "Supports": null,
            "TriggerId": "",
            "TriggerName": "",
            "Delay": 0,
            "RandomTimeSpawn": false
        },
        {
            "BossName": "sptUsec",
            "BossChance": 75,
            "BossZone": "ZoneRoad",
            "BossPlayer": false,
            "BossDifficult": "normal",
            "BossEscortType": "sptUsec",
            "BossEscortDifficult": "normal",
            "BossEscortAmount": "0,0,0,0,1",
            "Time": 1250,
            "Supports": null,
            "TriggerId": "",
            "TriggerName": "",
            "Delay": 0,
            "RandomTimeSpawn": false
        },
        {
            "BossName": "sptBear",
            "BossChance": 75,
            "BossZone": "ZoneRoad",
            "BossPlayer": false,
            "BossDifficult": "normal",
            "BossEscortType": "sptUsec",
            "BossEscortDifficult": "normal",
            "BossEscortAmount": "1,1,2",
            "Time": 2320,
            "Supports": null,
            "TriggerId": "",
            "TriggerName": "",
            "Delay": 0,
            "RandomTimeSpawn": false
        },
        {
            "BossName": "sptUsec",
            "BossChance": 75,
            "BossZone": "ZoneScavBase2",
            "BossPlayer": false,
            "BossDifficult": "normal",
            "BossEscortType": "sptUsec",
            "BossEscortDifficult": "normal",
            "BossEscortAmount": "0,0,0,0,1",
            "Time": 360,
            "Supports": null,
            "TriggerId": "",
            "TriggerName": "",
            "Delay": 0,
            "RandomTimeSpawn": false
        },
        {
            "BossName": "sptBear",
            "BossChance": 75,
            "BossZone": "ZoneScavBase2",
            "BossPlayer": false,
            "BossDifficult": "normal",
            "BossEscortType": "sptBear",
            "BossEscortDifficult": "normal",
            "BossEscortAmount": "0,0,0,0,1",
            "Time": 1260,
            "Supports": null,
            "TriggerId": "",
            "TriggerName": "",
            "Delay": 0,
            "RandomTimeSpawn": false
        },
        {
            "BossName": "sptUsec",
            "BossChance": 75,
            "BossZone": "ZoneScavBase2",
            "BossPlayer": false,
            "BossDifficult": "normal",
            "BossEscortType": "sptBear",
            "BossEscortDifficult": "normal",
            "BossEscortAmount": "1",
            "Time": 2320,
            "Supports": null,
            "TriggerId": "",
            "TriggerName": "",
            "Delay": 0,
            "RandomTimeSpawn": false
        },   
        {
            "BossName": "sptBear",
            "BossChance": 75,
            "BossZone": "ZoneWoodCutter",
            "BossPlayer": false,
            "BossDifficult": "normal",
            "BossEscortType": "sptBear",
            "BossEscortDifficult": "normal",
            "BossEscortAmount": "0,0,0,0,1",
            "Time": 550,
            "Supports": null,
            "TriggerId": "",
            "TriggerName": "",
            "Delay": 0,
            "RandomTimeSpawn": false
        },
        {
            "BossName": "sptUsec",
            "BossChance": 75,
            "BossZone": "ZoneWoodCutter",
            "BossPlayer": false,
            "BossDifficult": "normal",
            "BossEscortType": "sptUsec",
            "BossEscortDifficult": "normal",
            "BossEscortAmount": "0,0,0,0,1",
            "Time": 1480,
            "Supports": null,
            "TriggerId": "",
            "TriggerName": "",
            "Delay": 0,
            "RandomTimeSpawn": false
        },
        {
            "BossName": "sptBear",
            "BossChance": 75,
            "BossZone": "ZoneWoodCutter",
            "BossPlayer": false,
            "BossDifficult": "normal",
            "BossEscortType": "sptUsec",
            "BossEscortDifficult": "normal",
            "BossEscortAmount": "1,1,2",
            "Time": 2520,
            "Supports": null,
            "TriggerId": "",
            "TriggerName": "",
            "Delay": 0,
            "RandomTimeSpawn": false
        },
        {
            "BossName": "assault",
            "BossChance": 90,
            "BossZone": "ZoneBigRocks",
            "BossPlayer": false,
            "BossDifficult": "normal",
            "BossEscortType": "assault",
            "BossEscortDifficult": "normal",
            "BossEscortAmount": "0,0,1,1",
            "Time": 50,
            "Supports": null,
            "TriggerId": "",
            "TriggerName": "",
            "Delay": 0,
            "RandomTimeSpawn": false
        },
        {
            "BossName": "assault",
            "BossChance": 90,
            "BossZone": "ZoneBigRocks",
            "BossPlayer": false,
            "BossDifficult": "normal",
            "BossEscortType": "assault",
            "BossEscortDifficult": "normal",
            "BossEscortAmount": "0,0,1,1",
            "Time": 920,
            "Supports": null,
            "TriggerId": "",
            "TriggerName": "",
            "Delay": 0,
            "RandomTimeSpawn": false
        },
        {
            "BossName": "assault",
            "BossChance": 90,
            "BossZone": "ZoneBigRocks",
            "BossPlayer": false,
            "BossDifficult": "normal",
            "BossEscortType": "assault",
            "BossEscortDifficult": "normal",
            "BossEscortAmount": "0,0,0,1",
            "Time": 1960,
            "Supports": null,
            "TriggerId": "",
            "TriggerName": "",
            "Delay": 0,
            "RandomTimeSpawn": false
        },
        {
            "BossName": "assault",
            "BossChance": 90,
            "BossZone": "ZoneBigRocks",
            "BossPlayer": false,
            "BossDifficult": "normal",
            "BossEscortType": "assault",
            "BossEscortDifficult": "normal",
            "BossEscortAmount": "0,0,1,1",
            "Time": 2990,
            "Supports": null,
            "TriggerId": "",
            "TriggerName": "",
            "Delay": 0,
            "RandomTimeSpawn": false
        },
        {
            "BossName": "assault",
            "BossChance": 90,
            "BossZone": "ZoneBrokenVill",
            "BossPlayer": false,
            "BossDifficult": "normal",
            "BossEscortType": "assault",
            "BossEscortDifficult": "normal",
            "BossEscortAmount": "0,0,1,1",
            "Time": 230,
            "Supports": null,
            "TriggerId": "",
            "TriggerName": "",
            "Delay": 0,
            "RandomTimeSpawn": false
        },
        {
            "BossName": "assault",
            "BossChance": 90,
            "BossZone": "ZoneBrokenVill",
            "BossPlayer": false,
            "BossDifficult": "normal",
            "BossEscortType": "assault",
            "BossEscortDifficult": "normal",
            "BossEscortAmount": "0,0,1,1",
            "Time": 1050,
            "Supports": null,
            "TriggerId": "",
            "TriggerName": "",
            "Delay": 0,
            "RandomTimeSpawn": false
        },
        {
            "BossName": "assault",
            "BossChance": 90,
            "BossZone": "ZoneBrokenVill",
            "BossPlayer": false,
            "BossDifficult": "normal",
            "BossEscortType": "assault",
            "BossEscortDifficult": "normal",
            "BossEscortAmount": "0,0,0,1",
            "Time": 1570,
            "Supports": null,
            "TriggerId": "",
            "TriggerName": "",
            "Delay": 0,
            "RandomTimeSpawn": false
        },
        {
            "BossName": "assault",
            "BossChance": 90,
            "BossZone": "ZoneBrokenVill",
            "BossPlayer": false,
            "BossDifficult": "normal",
            "BossEscortType": "assault",
            "BossEscortDifficult": "normal",
            "BossEscortAmount": "0,0,1,1",
            "Time": 2970,
            "Supports": null,
            "TriggerId": "",
            "TriggerName": "",
            "Delay": 0,
            "RandomTimeSpawn": false
        },
        {
            "BossName": "assault",
            "BossChance": 90,
            "BossZone": "ZoneClearVill",
            "BossPlayer": false,
            "BossDifficult": "normal",
            "BossEscortType": "assault",
            "BossEscortDifficult": "normal",
            "BossEscortAmount": "0,0,1,1",
            "Time": 110,
            "Supports": null,
            "TriggerId": "",
            "TriggerName": "",
            "Delay": 0,
            "RandomTimeSpawn": false
        },
        {
            "BossName": "assault",
            "BossChance": 90,
            "BossZone": "ZoneClearVill",
            "BossPlayer": false,
            "BossDifficult": "normal",
            "BossEscortType": "assault",
            "BossEscortDifficult": "normal",
            "BossEscortAmount": "0,0,0,1",
            "Time": 870,
            "Supports": null,
            "TriggerId": "",
            "TriggerName": "",
            "Delay": 0,
            "RandomTimeSpawn": false
        },
        {
            "BossName": "assault",
            "BossChance": 90,
            "BossZone": "ZoneClearVill",
            "BossPlayer": false,
            "BossDifficult": "normal",
            "BossEscortType": "assault",
            "BossEscortDifficult": "normal",
            "BossEscortAmount": "0,1,2,2",
            "Time": 1690,
            "Supports": null,
            "TriggerId": "",
            "TriggerName": "",
            "Delay": 0,
            "RandomTimeSpawn": false
        },
        {
            "BossName": "assault",
            "BossChance": 90,
            "BossZone": "ZoneClearVill",
            "BossPlayer": false,
            "BossDifficult": "normal",
            "BossEscortType": "assault",
            "BossEscortDifficult": "normal",
            "BossEscortAmount": "0,1,2,2",
            "Time": 2890,
            "Supports": null,
            "TriggerId": "",
            "TriggerName": "",
            "Delay": 0,
            "RandomTimeSpawn": false
        },
        {
            "BossName": "assault",
            "BossChance": 90,
            "BossZone": "ZoneHouse",
            "BossPlayer": false,
            "BossDifficult": "normal",
            "BossEscortType": "assault",
            "BossEscortDifficult": "normal",
            "BossEscortAmount": "0,0,0,1",
            "Time": 140,
            "Supports": null,
            "TriggerId": "",
            "TriggerName": "",
            "Delay": 0,
            "RandomTimeSpawn": false
        },
        {
            "BossName": "assault",
            "BossChance": 90,
            "BossZone": "ZoneHouse",
            "BossPlayer": false,
            "BossDifficult": "normal",
            "BossEscortType": "assault",
            "BossEscortDifficult": "normal",
            "BossEscortAmount": "0,0,1,1",
            "Time": 910,
            "Supports": null,
            "TriggerId": "",
            "TriggerName": "",
            "Delay": 0,
            "RandomTimeSpawn": false
        },
        {
            "BossName": "assault",
            "BossChance": 90,
            "BossZone": "ZoneHouse",
            "BossPlayer": false,
            "BossDifficult": "normal",
            "BossEscortType": "assault",
            "BossEscortDifficult": "normal",
            "BossEscortAmount": "0,0,1,1",
            "Time": 1780,
            "Supports": null,
            "TriggerId": "",
            "TriggerName": "",
            "Delay": 0,
            "RandomTimeSpawn": false
        },
        {
            "BossName": "assault",
            "BossChance": 90,
            "BossZone": "ZoneHouse",
            "BossPlayer": false,
            "BossDifficult": "normal",
            "BossEscortType": "assault",
            "BossEscortDifficult": "normal",
            "BossEscortAmount": "0,0,1,1",
            "Time": 3120,
            "Supports": null,
            "TriggerId": "",
            "TriggerName": "",
            "Delay": 0,
            "RandomTimeSpawn": false
        },
        {
            "BossName": "assault",
            "BossChance": 90,
            "BossZone": "ZoneMiniHouse",
            "BossPlayer": false,
            "BossDifficult": "normal",
            "BossEscortType": "assault",
            "BossEscortDifficult": "normal",
            "BossEscortAmount": "0,0,1,1",
            "Time": 160,
            "Supports": null,
            "TriggerId": "",
            "TriggerName": "",
            "Delay": 0,
            "RandomTimeSpawn": false
        },
        {
            "BossName": "assault",
            "BossChance": 90,
            "BossZone": "ZoneMiniHouse",
            "BossPlayer": false,
            "BossDifficult": "normal",
            "BossEscortType": "assault",
            "BossEscortDifficult": "normal",
            "BossEscortAmount": "0,0,0,1",
            "Time": 930,
            "Supports": null,
            "TriggerId": "",
            "TriggerName": "",
            "Delay": 0,
            "RandomTimeSpawn": false
        },
        {
            "BossName": "assault",
            "BossChance": 90,
            "BossZone": "ZoneMiniHouse",
            "BossPlayer": false,
            "BossDifficult": "normal",
            "BossEscortType": "assault",
            "BossEscortDifficult": "normal",
            "BossEscortAmount": "0,0,1,1",
            "Time": 1700,
            "Supports": null,
            "TriggerId": "",
            "TriggerName": "",
            "Delay": 0,
            "RandomTimeSpawn": false
        },
        {
            "BossName": "assault",
            "BossChance": 90,
            "BossZone": "ZoneMiniHouse",
            "BossPlayer": false,
            "BossDifficult": "normal",
            "BossEscortType": "assault",
            "BossEscortDifficult": "normal",
            "BossEscortAmount": "0,0,1,1",
            "Time": 2890,
            "Supports": null,
            "TriggerId": "",
            "TriggerName": "",
            "Delay": 0,
            "RandomTimeSpawn": false
        },
        {
            "BossName": "assault",
            "BossChance": 90,
            "BossZone": "ZoneRedHouse",
            "BossPlayer": false,
            "BossDifficult": "normal",
            "BossEscortType": "assault",
            "BossEscortDifficult": "normal",
            "BossEscortAmount": "0,0,1,1",
            "Time": 340,
            "Supports": null,
            "TriggerId": "",
            "TriggerName": "",
            "Delay": 0,
            "RandomTimeSpawn": false
        },
        {
            "BossName": "assault",
            "BossChance": 90,
            "BossZone": "ZoneRedHouse",
            "BossPlayer": false,
            "BossDifficult": "normal",
            "BossEscortType": "assault",
            "BossEscortDifficult": "normal",
            "BossEscortAmount": "0,0,1,1",
            "Time": 1140,
            "Supports": null,
            "TriggerId": "",
            "TriggerName": "",
            "Delay": 0,
            "RandomTimeSpawn": false
        },
        {
            "BossName": "assault",
            "BossChance": 90,
            "BossZone": "ZoneRedHouse",
            "BossPlayer": false,
            "BossDifficult": "normal",
            "BossEscortType": "assault",
            "BossEscortDifficult": "normal",
            "BossEscortAmount": "0,0,0,1",
            "Time": 2030,
            "Supports": null,
            "TriggerId": "",
            "TriggerName": "",
            "Delay": 0,
            "RandomTimeSpawn": false
        },
        {
            "BossName": "assault",
            "BossChance": 90,
            "BossZone": "ZoneRedHouse",
            "BossPlayer": false,
            "BossDifficult": "normal",
            "BossEscortType": "assault",
            "BossEscortDifficult": "normal",
            "BossEscortAmount": "0,0,0,1",
            "Time": 3000,
            "Supports": null,
            "TriggerId": "",
            "TriggerName": "",
            "Delay": 0,
            "RandomTimeSpawn": false
        },
        {
            "BossName": "assault",
            "BossChance": 90,
            "BossZone": "ZoneRoad",
            "BossPlayer": false,
            "BossDifficult": "normal",
            "BossEscortType": "assault",
            "BossEscortDifficult": "normal",
            "BossEscortAmount": "1,1,2,2,3",
            "Time": 170,
            "Supports": null,
            "TriggerId": "",
            "TriggerName": "",
            "Delay": 0,
            "RandomTimeSpawn": false
        },
        {
            "BossName": "assault",
            "BossChance": 90,
            "BossZone": "ZoneRoad",
            "BossPlayer": false,
            "BossDifficult": "normal",
            "BossEscortType": "assault",
            "BossEscortDifficult": "normal",
            "BossEscortAmount": "0,1,1,2,2",
            "Time": 860,
            "Supports": null,
            "TriggerId": "",
            "TriggerName": "",
            "Delay": 0,
            "RandomTimeSpawn": false
        },
        {
            "BossName": "assault",
            "BossChance": 90,
            "BossZone": "ZoneRoad",
            "BossPlayer": false,
            "BossDifficult": "normal",
            "BossEscortType": "assault",
            "BossEscortDifficult": "normal",
            "BossEscortAmount": "0,1,2,3",
            "Time": 1640,
            "Supports": null,
            "TriggerId": "",
            "TriggerName": "",
            "Delay": 0,
            "RandomTimeSpawn": false
        },
        {
            "BossName": "assault",
            "BossChance": 90,
            "BossZone": "ZoneRoad",
            "BossPlayer": false,
            "BossDifficult": "normal",
            "BossEscortType": "assault",
            "BossEscortDifficult": "normal",
            "BossEscortAmount": "0,1,2,3",
            "Time": 2840,
            "Supports": null,
            "TriggerId": "",
            "TriggerName": "",
            "Delay": 0,
            "RandomTimeSpawn": false
        },
        {
            "BossName": "assault",
            "BossChance": 90,
            "BossZone": "ZoneScavBase2",
            "BossPlayer": false,
            "BossDifficult": "normal",
            "BossEscortType": "assault",
            "BossEscortDifficult": "normal",
            "BossEscortAmount": "0,0,1,1",
            "Time": 190,
            "Supports": null,
            "TriggerId": "",
            "TriggerName": "",
            "Delay": 0,
            "RandomTimeSpawn": false
        },
        {
            "BossName": "assault",
            "BossChance": 90,
            "BossZone": "ZoneScavBase2",
            "BossPlayer": false,
            "BossDifficult": "normal",
            "BossEscortType": "assault",
            "BossEscortDifficult": "normal",
            "BossEscortAmount": "0,1,1,2",
            "Time": 940,
            "Supports": null,
            "TriggerId": "",
            "TriggerName": "",
            "Delay": 0,
            "RandomTimeSpawn": false
        },
        {
            "BossName": "assault",
            "BossChance": 90,
            "BossZone": "ZoneScavBase2",
            "BossPlayer": false,
            "BossDifficult": "normal",
            "BossEscortType": "assault",
            "BossEscortDifficult": "normal",
            "BossEscortAmount": "0,1,1,1",
            "Time": 1720,
            "Supports": null,
            "TriggerId": "",
            "TriggerName": "",
            "Delay": 0,
            "RandomTimeSpawn": false
        },
        {
            "BossName": "assault",
            "BossChance": 90,
            "BossZone": "ZoneScavBase2",
            "BossPlayer": false,
            "BossDifficult": "normal",
            "BossEscortType": "assault",
            "BossEscortDifficult": "normal",
            "BossEscortAmount": "0,1,1,1",
            "Time": 2920,
            "Supports": null,
            "TriggerId": "",
            "TriggerName": "",
            "Delay": 0,
            "RandomTimeSpawn": false
        },
        {
            "BossName": "assault",
            "BossChance": 90,
            "BossZone": "ZoneWoodCutter",
            "BossPlayer": false,
            "BossDifficult": "normal",
            "BossEscortType": "assault",
            "BossEscortDifficult": "normal",
            "BossEscortAmount": "0,0,1,1,2,3",
            "Time": 230,
            "Supports": null,
            "TriggerId": "",
            "TriggerName": "",
            "Delay": 0,
            "RandomTimeSpawn": false
        },
        {
            "BossName": "assault",
            "BossChance": 90,
            "BossZone": "ZoneWoodCutter",
            "BossPlayer": false,
            "BossDifficult": "normal",
            "BossEscortType": "assault",
            "BossEscortDifficult": "normal",
            "BossEscortAmount": "0,1,1,2",
            "Time": 990,
            "Supports": null,
            "TriggerId": "",
            "TriggerName": "",
            "Delay": 0,
            "RandomTimeSpawn": false
        },
        {
            "BossName": "assault",
            "BossChance": 90,
            "BossZone": "ZoneWoodCutter",
            "BossPlayer": false,
            "BossDifficult": "normal",
            "BossEscortType": "assault",
            "BossEscortDifficult": "normal",
            "BossEscortAmount": "0,1,1,2,2",
            "Time": 1780,
            "Supports": null,
            "TriggerId": "",
            "TriggerName": "",
            "Delay": 0,
            "RandomTimeSpawn": false
        },
        {
            "BossName": "assault",
            "BossChance": 90,
            "BossZone": "ZoneWoodCutter",
            "BossPlayer": false,
            "BossDifficult": "normal",
            "BossEscortType": "assault",
            "BossEscortDifficult": "normal",
            "BossEscortAmount": "0,1,1,2,2",
            "Time": 3020,
            "Supports": null,
            "TriggerId": "",
            "TriggerName": "",
            "Delay": 0,
            "RandomTimeSpawn": false
        },
        {
            "BossName": "marksman",
            "BossChance": 90,
            "BossZone": "ZoneHighRocks",
            "BossPlayer": false,
            "BossDifficult": "normal",
            "BossEscortType": "marksman",
            "BossEscortDifficult": "normal",
            "BossEscortAmount": "0",
            "Time": 790,
            "Supports": null,
            "TriggerId": "",
            "TriggerName": "",
            "Delay": 0,
            "RandomTimeSpawn": false
        },
        {
            "BossName": "marksman",
            "BossChance": 90,
            "BossZone": "ZoneHighRocks",
            "BossPlayer": false,
            "BossDifficult": "normal",
            "BossEscortType": "marksman",
            "BossEscortDifficult": "normal",
            "BossEscortAmount": "0",
            "Time": 2180,
            "Supports": null,
            "TriggerId": "",
            "TriggerName": "",
            "Delay": 0,
            "RandomTimeSpawn": false
        }
    ]
}
