{
    "BossLocationSpawn": [
        {
            "BossName": "bossKnight",
            "BossChance": 12,
            "BossZone": "ZoneScavBase",
            "BossPlayer": false,
            "BossDifficult": "normal",
            "BossEscortType": "exUsec",
            "BossEscortDifficult": "normal",
            "BossEscortAmount": "2",
            "Time": -1,
            "Supports": [
                {
                    "BossEscortType": "followerBigPipe",
                    "BossEscortDifficult": [
                        "normal"
                    ],
                    "BossEscortAmount": "1"
                },
                {
                    "BossEscortType": "followerBirdEye",
                    "BossEscortDifficult": [
                        "normal"
                    ],
                    "BossEscortAmount": "1"
                }
            ],
            "TriggerId": "",
            "TriggerName": "",
            "Delay": 0,
            "RandomTimeSpawn": true
        },
        {
            "BossName": "bossBully",
            "BossChance": 15,
            "BossZone": "ZoneDormitory,ZoneGasStation",
            "BossPlayer": false,
            "BossDifficult": "normal",
            "BossEscortType": "followerBully",
            "BossEscortDifficult": "normal",
            "BossEscortAmount": "4",
            "Time": -1,
            "Supports": null,
            "TriggerId": "",
            "TriggerName": "",
            "Delay": 0,
            "RandomTimeSpawn": false
        }
    ]
}
