{
    "BossLocationSpawn": [
        {
            "BossName": "bossTagilla",
            "BossChance": 10,
            "BossZone": "BotZone",
            "BossPlayer": false,
            "BossDifficult": "normal",
            "BossEscortType": "followerBully",
            "BossEscortDifficult": "normal",
            "BossEscortAmount": "0",
            "Time": 590,
            "Supports": null,
            "TriggerId": "",
            "TriggerName": "",
            "Delay": 0,
            "RandomTimeSpawn": false
        }
    ]
}
