{
    "BossLocationSpawn": [
        {
            "BossName": "bossKilla",
            "BossChance": 10,
            "BossZone": "ZoneCenterBot,ZoneCenter,ZoneOLI,ZoneIDEA,ZoneGoshan,ZoneIDEAPark,ZoneOLIPark",
            "BossPlayer": false,
            "BossDifficult": "normal",
            "BossEscortType": "followerTagilla",
            "BossEscortDifficult": "normal",
            "BossEscortAmount": "0",
            "Time": -1,
            "Supports": null,
            "TriggerId": "",
            "TriggerName": "",
            "Delay": 0,
            "RandomTimeSpawn": false
        }
    ]
}
