{
    "BossLocationSpawn": [
        {
            "BossName": "bossKnight",
            "BossChance": 10,
            "BossZone": "Zone_TreatmentContainers,Zone_Chalet",
            "BossPlayer": false,
            "BossDifficult": "normal",
            "BossEscortType": "exUsec",
            "BossEscortDifficult": "normal",
            "BossEscortAmount": "2",
            "Time": -1,
            "TriggerId": "",
            "TriggerName": "",
            "Supports": [
                {
                    "BossEscortType": "followerBigPipe",
                    "BossEscortDifficult": [
                        "normal"
                    ],
                    "BossEscortAmount": "1"
                },
                {
                    "BossEscortType": "followerBirdEye",
                    "BossEscortDifficult": [
                        "normal"
                    ],
                    "BossEscortAmount": "1"
                }
            ],
            "Delay": 0,
            "RandomTimeSpawn": true
        }
    ]
}
