{
    "BossLocationSpawn": [
        {
            "BossName": "bossGluhar",
            "BossChance": 15,
            "BossZone": "ZoneRailStrorage,ZoneRailStrorage,ZoneRailStrorage,ZonePTOR1,ZonePTOR2,ZoneBarrack,ZoneBarrack,ZoneBarrack,ZoneSubStorage",
            "BossPlayer": false,
            "BossDifficult": "normal",
            "BossEscortType": "followerGluharAssault",
            "BossEscortDifficult": "normal",
            "BossEscortAmount": "0",
            "Time": -1,
            "Supports": [
                {
                    "BossEscortType": "followerGluharAssault",
                    "BossEscortDifficult": [
                        "normal"
                    ],
                    "BossEscortAmount": "2"
                },
                {
                    "BossEscortType": "followerGluharSecurity",
                    "BossEscortDifficult": [
                        "normal"
                    ],
                    "BossEscortAmount": "2"
                },
                {
                    "BossEscortType": "followerGluharScout",
                    "BossEscortDifficult": [
                        "normal"
                    ],
                    "BossEscortAmount": "2"
                }
            ],
            "TriggerId": "",
            "TriggerName": "",
            "Delay": 0,
            "RandomTimeSpawn": false
        }
    ]
}
