{
    "BossLocationSpawn": [
        {
            "BossName": "bossGluhar",
            "BossChance": 2.6,
            "BossZone": "ZoneCarShowroom",
            "BossPlayer": false,
            "BossDifficult": "normal",
            "BossEscortType": "followerGluharAssault",
            "BossEscortDifficult": "normal",
            "BossEscortAmount": "0",
            "Time": -1,
            "Supports": [
                {
                    "BossEscortAmount": "2",
                    "BossEscortDifficult": [
                        "normal"
                    ],
                    "BossEscortType": "followerGluharAssault"
                },
                {
                    "BossEscortAmount": "2",
                    "BossEscortDifficult": [
                        "normal"
                    ],
                    "BossEscortType": "followerGluharSecurity"
                },
                {
                    "BossEscortAmount": "1",
                    "BossEscortDifficult": [
                        "normal"
                    ],
                    "BossEscortType": "followerGluharScout"
                }
            ],
            "TriggerId": "",
            "TriggerName": "",
            "Delay": 0,
            "RandomTimeSpawn": false
        },
        {
            "BossName": "bossKilla",
            "BossChance": 2.6,
            "BossZone": "ZoneHotel_1,ZoneHotel_2",
            "BossPlayer": false,
            "BossDifficult": "normal",
            "BossEscortType": "pmcBot",
            "BossEscortDifficult": "normal",
            "BossEscortAmount": "0",
            "Time": -1,
            "Supports": null,
            "TriggerId": "",
            "TriggerName": "",
            "Delay": 0,
            "RandomTimeSpawn": false
        }
    ]
}