{
    "enabled": false,
    "raids": {
        "locations": {
            "allOpenZones": "enabled-by-default",
            "allExtractionsAlwaysAvailable": false,
            "removeExtractionRestrictions": false,
            "customs": {
                "escapeTimeLimit": 40,
                "customSpawnWaves": false,
                "enableBosses": false,
                "maxBotCap": 25,
                "globalLootChanceModifier": 0.8,
                "looseLootMultiplier": 1,
                "staticLootMultiplier": 1,
                "airDropsPerRaid": 1
            },
            "factory": {
                "escapeTimeLimit": 20,
                "customSpawnWaves": false,
                "enableBosses": false,
                "maxBotCap": 25,
                "globalLootChanceModifier": 0.2,
                "looseLootMultiplier": 1,
                "staticLootMultiplier": 1
            },
            "interchange": {
                "escapeTimeLimit": 45,
                "customSpawnWaves": false,
                "enableBosses": false,
                "maxBotCap": 25,
                "globalLootChanceModifier": 0.64,
                "looseLootMultiplier": 1,
                "staticLootMultiplier": 1,
                "airDropsPerRaid": 1
            },
            "labs": {
                "escapeTimeLimit": 35,
                "customSpawnWaves": false,
                "maxBotCap": 25,
                "globalLootChanceModifier": 0.37,
                "looseLootMultiplier": 1,
                "staticLootMultiplier": 1
            },
            "lighthouse": {
                "escapeTimeLimit": 40,
                "customSpawnWaves": false,
                "enableBosses": false,
                "maxBotCap": 25,
                "globalLootChanceModifier": 0.17,
                "looseLootMultiplier": 1,
                "staticLootMultiplier": 1,
                "airDropsPerRaid": 1
            },
            "reserve": {
                "escapeTimeLimit": 40,
                "customSpawnWaves": false,
                "enableBosses": false,
                "maxBotCap": 25,
                "globalLootChanceModifier": 0.33,
                "looseLootMultiplier": 1,
                "staticLootMultiplier": 1,
                "airDropsPerRaid": 1
            },
            "shoreline": {
                "escapeTimeLimit": 45,
                "customSpawnWaves": false,
                "enableBosses": false,
                "maxBotCap": 25,
                "globalLootChanceModifier": 0.3,
                "looseLootMultiplier": 1,
                "staticLootMultiplier": 1,
                "airDropsPerRaid": 1
            },
            "woods": {
                "escapeTimeLimit": 40,
                "customSpawnWaves": false,
                "enableBosses": false,
                "maxBotCap": 25,
                "globalLootChanceModifier": 0.9,
                "looseLootMultiplier": 1,
                "staticLootMultiplier": 1,
                "airDropsPerRaid": 1
            }
        },
        "bots": {
            "chanceSameFactionIsHostile": 80,
            "botLevelRelativeToPlayerLevel": 15
        },
        "experimental": {
            "randomRaiderEncounters": {
                "enabled": false,
                "chance": 10,
                "amount": "1,1,1,2,2,2,2,2,3,3,3,3,4"
            }
        }
    },
    "items": {
        "repairs": {
            "removeArmorDegradationFromRepairs": false,
            "removeWeaponDegradationFromRepairs": false
        },
        "insurance": {
            "insuranceAllowedOnAllLocations": false,
            "insuranceAllowedForAllItems": false
        },
        "gear": {
            "removeWeaponDurabilityBurn": false,
            "removeBulletWeaponDeterioration": false
        },
        "allowAllItemsToBelootable": false,
        "allItemsUnexaminedByDefault": false,
        "keys": {
            "labsAccessKeycard": {
                "removeLabsReq": false,
                "maxNumberOfUses": 1
            }
        }
    },
    "player": {
        "scavTimer": 25,
        "allowTacticalClothingForBothFactions": false,
        "removeFreeHealTrialLevelsAndRaids": false,
        "healthInRaid": {
            "energyLoopTime": 1,
            "energyDecreasePerLoopTime": 3.2,
            "hydrationLoopTime": 1,
            "hydrationDecreasePerLoopTime": 2.6
        },
        "healthInHideout": {
            "healthRegenerationLoopTime": 3,
            "energyRegenerationLoopTime": 1,
            "hydrationRegenerationLoopTime": 1
        }
    },
    "hideout": {
        "productionTimeMultiplier": 1,
        "constructionTimeMultiplier": 1
    },
    "traders": {
        "repairCostMultiplierForAllTraders": 1,
        "prapor": {
            "insurance": {
                "insuranceMultiplier": 0.16,
                "returnChancePercent": 80,
                "minReturnTime": 24,
                "maxReturnTime": 36
            },
            "repairs": {
                "repairQualityDegradation": 1.2
            }
        },
        "therapist": {
            "insurance": {
                "insuranceMultiplier": 0.25,
                "returnChancePercent": 90,
                "minReturnTime": 10,
                "maxReturnTime": 20
            }
        },
        "skier": {
            "repairs": {
                "repairQualityDegradation": 1
            }
        },
        "mechanic": {
            "repairs": {
                "repairQualityDegradation": 0.7
            }
        }
    },
    "misc": {
        "replaceTradersProfilePics": false,
        "replaceLauncherBackground": false
    }
}
